0 verbose cli /Users/ste/.nvm/versions/node/v24.14.0/bin/node /Users/ste/.nvm/versions/node/v24.14.0/bin/npm
1 info using npm@11.9.0
2 info using node@v24.14.0
3 silly config load:file:/Users/ste/.nvm/versions/node/v24.14.0/lib/node_modules/npm/npmrc
4 silly config load:file:/Users/ste/Documents/拼豆图纸转化/.npmrc
5 silly config load:file:/Users/ste/.npmrc
6 silly config load:file:/Users/ste/.nvm/versions/node/v24.14.0/etc/npmrc
7 verbose title npm install
8 verbose argv "install"
9 verbose logfile logs-max:10 dir:/Users/ste/Documents/拼豆图纸转化/.npm-cache/_logs/2026-07-29T09_02_57_744Z-
10 verbose logfile /Users/ste/Documents/拼豆图纸转化/.npm-cache/_logs/2026-07-29T09_02_57_744Z-debug-0.log
11 silly logfile done cleaning log files
12 silly packumentCache heap:4496293888 maxSize:1124073472 maxEntrySize:562036736
13 silly idealTree buildDeps
14 silly reify mark retired [ '/Users/ste/Documents/拼豆图纸转化/node_modules/acorn' ]
15 silly reify mark retired [ '/Users/ste/Documents/拼豆图纸转化/node_modules/acorn-import-phases' ]
16 silly reify mark retired [ '/Users/ste/Documents/拼豆图纸转化/node_modules/acorn-loose' ]
17 silly reify mark retired [ '/Users/ste/Documents/拼豆图纸转化/node_modules/ajv' ]
18 silly reify mark retired [ '/Users/ste/Documents/拼豆图纸转化/node_modules/ajv-formats' ]
19 silly reify mark retired [ '/Users/ste/Documents/拼豆图纸转化/node_modules/aria-query' ]
20 silly reify mark retired [ '/Users/ste/Documents/拼豆图纸转化/node_modules/array-buffer-byte-length' ]
21 silly reify mark retired [ '/Users/ste/Documents/拼豆图纸转化/node_modules/array-includes' ]
22 silly reify mark retired [
22 silly reify   '/Users/ste/Documents/拼豆图纸转化/node_modules/array.prototype.findlastindex'
22 silly reify ]
23 silly reify mark retired [ '/Users/ste/Documents/拼豆图纸转化/node_modules/array.prototype.findlast' ]
24 silly reify mark retired [ '/Users/ste/Documents/拼豆图纸转化/node_modules/array.prototype.flat' ]
25 silly reify mark retired [ '/Users/ste/Documents/拼豆图纸转化/node_modules/array.prototype.flatmap' ]
26 silly reify mark retired [ '/Users/ste/Documents/拼豆图纸转化/node_modules/array.prototype.tosorted' ]
27 silly reify mark retired [
27 silly reify   '/Users/ste/Documents/拼豆图纸转化/node_modules/arraybuffer.prototype.slice'
27 silly reify ]
28 silly reify mark retired [ '/Users/ste/Documents/拼豆图纸转化/node_modules/ast-types-flow' ]
29 silly reify mark retired [ '/Users/ste/Documents/拼豆图纸转化/node_modules/async-function' ]
30 silly reify mark retired [ '/Users/ste/Documents/拼豆图纸转化/node_modules/available-typed-arrays' ]
31 silly reify mark retired [ '/Users/ste/Documents/拼豆图纸转化/node_modules/axe-core' ]
32 silly reify mark retired [ '/Users/ste/Documents/拼豆图纸转化/node_modules/axobject-query' ]
33 silly reify mark retired [ '/Users/ste/Documents/拼豆图纸转化/node_modules/base64-js' ]
34 silly reify mark retired [ '/Users/ste/Documents/拼豆图纸转化/node_modules/brace-expansion' ]
35 silly reify mark retired [ '/Users/ste/Documents/拼豆图纸转化/node_modules/baseline-browser-mapping' ]
36 silly reify mark retired [ '/Users/ste/Documents/拼豆图纸转化/node_modules/browserslist' ]
37 silly reify mark retired [ '/Users/ste/Documents/拼豆图纸转化/node_modules/call-bind' ]
38 silly reify mark retired [ '/Users/ste/Documents/拼豆图纸转化/node_modules/call-bind-apply-helpers' ]
39 silly reify mark retired [ '/Users/ste/Documents/拼豆图纸转化/node_modules/call-bound' ]
40 silly reify mark retired [ '/Users/ste/Documents/拼豆图纸转化/node_modules/caniuse-lite' ]
41 silly reify mark retired [ '/Users/ste/Documents/拼豆图纸转化/node_modules/camelize' ]
42 silly reify mark retired [ '/Users/ste/Documents/拼豆图纸转化/node_modules/client-only' ]
43 silly reify mark retired [ '/Users/ste/Documents/拼豆图纸转化/node_modules/chrome-trace-event' ]
44 silly reify mark retired [ '/Users/ste/Documents/拼豆图纸转化/node_modules/css-background-parser' ]
45 silly reify mark retired [ '/Users/ste/Documents/拼豆图纸转化/node_modules/css-box-shadow' ]
46 silly reify mark retired [ '/Users/ste/Documents/拼豆图纸转化/node_modules/css-gradient-parser' ]
47 silly reify mark retired [ '/Users/ste/Documents/拼豆图纸转化/node_modules/css-color-keywords' ]
48 silly reify mark retired [ '/Users/ste/Documents/拼豆图纸转化/node_modules/css-to-react-native' ]
49 silly reify mark retired [ '/Users/ste/Documents/拼豆图纸转化/node_modules/damerau-levenshtein' ]
50 silly reify mark retired [ '/Users/ste/Documents/拼豆图纸转化/node_modules/data-view-byte-length' ]
51 silly reify mark retired [ '/Users/ste/Documents/拼豆图纸转化/node_modules/data-view-byte-offset' ]
52 silly reify mark retired [ '/Users/ste/Documents/拼豆图纸转化/node_modules/data-view-buffer' ]
53 silly reify mark retired [ '/Users/ste/Documents/拼豆图纸转化/node_modules/define-data-property' ]
54 silly reify mark retired [ '/Users/ste/Documents/拼豆图纸转化/node_modules/define-properties' ]
55 silly reify mark retired [ '/Users/ste/Documents/拼豆图纸转化/node_modules/doctrine' ]
56 silly reify mark retired [ '/Users/ste/Documents/拼豆图纸转化/node_modules/detect-libc' ]
57 silly reify mark retired [ '/Users/ste/Documents/拼豆图纸转化/node_modules/drizzle-kit' ]
58 silly reify mark retired [ '/Users/ste/Documents/拼豆图纸转化/node_modules/dunder-proto' ]
59 silly reify mark retired [ '/Users/ste/Documents/拼豆图纸转化/node_modules/electron-to-chromium' ]
60 silly reify mark retired [ '/Users/ste/Documents/拼豆图纸转化/node_modules/emoji-regex' ]
61 silly reify mark retired [ '/Users/ste/Documents/拼豆图纸转化/node_modules/drizzle-orm' ]
62 silly reify mark retired [ '/Users/ste/Documents/拼豆图纸转化/node_modules/emoji-regex-xs' ]
63 silly reify mark retired [ '/Users/ste/Documents/拼豆图纸转化/node_modules/enhanced-resolve' ]
64 silly reify mark retired [ '/Users/ste/Documents/拼豆图纸转化/node_modules/es-abstract' ]
65 silly reify mark retired [ '/Users/ste/Documents/拼豆图纸转化/node_modules/es-define-property' ]
66 silly reify mark retired [ '/Users/ste/Documents/拼豆图纸转化/node_modules/es-errors' ]
67 silly reify mark retired [ '/Users/ste/Documents/拼豆图纸转化/node_modules/es-iterator-helpers' ]
68 silly reify mark retired [ '/Users/ste/Documents/拼豆图纸转化/node_modules/es-module-lexer' ]
69 silly reify mark retired [ '/Users/ste/Documents/拼豆图纸转化/node_modules/es-set-tostringtag' ]
70 silly reify mark retired [ '/Users/ste/Documents/拼豆图纸转化/node_modules/es-shim-unscopables' ]
71 silly reify mark retired [ '/Users/ste/Documents/拼豆图纸转化/node_modules/es-object-atoms' ]
72 silly reify mark retired [ '/Users/ste/Documents/拼豆图纸转化/node_modules/es-to-primitive' ]
73 silly reify mark retired [ '/Users/ste/Documents/拼豆图纸转化/node_modules/esbuild' ]
74 silly reify mark retired [ '/Users/ste/Documents/拼豆图纸转化/node_modules/eslint' ]
75 silly reify mark retired [
75 silly reify   '/Users/ste/Documents/拼豆图纸转化/node_modules/eslint-import-resolver-node'
75 silly reify ]
76 silly reify mark retired [
76 silly reify   '/Users/ste/Documents/拼豆图纸转化/node_modules/eslint-import-resolver-typescript'
76 silly reify ]
77 silly reify mark retired [ '/Users/ste/Documents/拼豆图纸转化/node_modules/eslint-plugin-import' ]
78 silly reify mark retired [ '/Users/ste/Documents/拼豆图纸转化/node_modules/eslint-module-utils' ]
79 silly reify mark retired [ '/Users/ste/Documents/拼豆图纸转化/node_modules/eslint-plugin-react' ]
80 silly reify mark retired [ '/Users/ste/Documents/拼豆图纸转化/node_modules/eslint-config-next' ]
81 silly reify mark retired [
81 silly reify   '/Users/ste/Documents/拼豆图纸转化/node_modules/eslint-plugin-react-hooks'
81 silly reify ]
82 silly reify mark retired [ '/Users/ste/Documents/拼豆图纸转化/node_modules/eslint-plugin-jsx-a11y' ]
83 silly reify mark retired [ '/Users/ste/Documents/拼豆图纸转化/node_modules/estree-walker' ]
84 silly reify mark retired [ '/Users/ste/Documents/拼豆图纸转化/node_modules/events' ]
85 silly reify mark retired [ '/Users/ste/Documents/拼豆图纸转化/node_modules/fast-glob' ]
86 silly reify mark retired [ '/Users/ste/Documents/拼豆图纸转化/node_modules/fast-uri' ]
87 silly reify mark retired [ '/Users/ste/Documents/拼豆图纸转化/node_modules/fflate' ]
88 silly reify mark retired [ '/Users/ste/Documents/拼豆图纸转化/node_modules/flatted' ]
89 silly reify mark retired [ '/Users/ste/Documents/拼豆图纸转化/node_modules/for-each' ]
90 silly reify mark retired [ '/Users/ste/Documents/拼豆图纸转化/node_modules/function.prototype.name' ]
91 silly reify mark retired [ '/Users/ste/Documents/拼豆图纸转化/node_modules/functions-have-names' ]
92 silly reify mark retired [ '/Users/ste/Documents/拼豆图纸转化/node_modules/generator-function' ]
93 silly reify mark retired [ '/Users/ste/Documents/拼豆图纸转化/node_modules/get-intrinsic' ]
94 silly reify mark retired [ '/Users/ste/Documents/拼豆图纸转化/node_modules/get-proto' ]
95 silly reify mark retired [ '/Users/ste/Documents/拼豆图纸转化/node_modules/get-symbol-description' ]
96 silly reify mark retired [ '/Users/ste/Documents/拼豆图纸转化/node_modules/get-tsconfig' ]
97 silly reify mark retired [ '/Users/ste/Documents/拼豆图纸转化/node_modules/glob-to-regexp' ]
98 silly reify mark retired [ '/Users/ste/Documents/拼豆图纸转化/node_modules/globalthis' ]
99 silly reify mark retired [ '/Users/ste/Documents/拼豆图纸转化/node_modules/globrex' ]
100 silly reify mark retired [ '/Users/ste/Documents/拼豆图纸转化/node_modules/gopd' ]
101 silly reify mark retired [ '/Users/ste/Documents/拼豆图纸转化/node_modules/graceful-fs' ]
102 silly reify mark retired [ '/Users/ste/Documents/拼豆图纸转化/node_modules/has-bigints' ]
103 silly reify mark retired [ '/Users/ste/Documents/拼豆图纸转化/node_modules/has-property-descriptors' ]
104 silly reify mark retired [ '/Users/ste/Documents/拼豆图纸转化/node_modules/has-proto' ]
105 silly reify mark retired [ '/Users/ste/Documents/拼豆图纸转化/node_modules/has-symbols' ]
106 silly reify mark retired [ '/Users/ste/Documents/拼豆图纸转化/node_modules/has-tostringtag' ]
107 silly reify mark retired [ '/Users/ste/Documents/拼豆图纸转化/node_modules/hasown' ]
108 silly reify mark retired [ '/Users/ste/Documents/拼豆图纸转化/node_modules/hex-rgb' ]
109 silly reify mark retired [ '/Users/ste/Documents/拼豆图纸转化/node_modules/image-size' ]
110 silly reify mark retired [ '/Users/ste/Documents/拼豆图纸转化/node_modules/internal-slot' ]
111 silly reify mark retired [ '/Users/ste/Documents/拼豆图纸转化/node_modules/ipaddr.js' ]
112 silly reify mark retired [ '/Users/ste/Documents/拼豆图纸转化/node_modules/is-array-buffer' ]
113 silly reify mark retired [ '/Users/ste/Documents/拼豆图纸转化/node_modules/is-async-function' ]
114 silly reify mark retired [ '/Users/ste/Documents/拼豆图纸转化/node_modules/is-bigint' ]
115 silly reify mark retired [ '/Users/ste/Documents/拼豆图纸转化/node_modules/is-boolean-object' ]
116 silly reify mark retired [ '/Users/ste/Documents/拼豆图纸转化/node_modules/is-bun-module' ]
117 silly reify mark retired [ '/Users/ste/Documents/拼豆图纸转化/node_modules/is-callable' ]
118 silly reify mark retired [ '/Users/ste/Documents/拼豆图纸转化/node_modules/is-core-module' ]
119 silly reify mark retired [ '/Users/ste/Documents/拼豆图纸转化/node_modules/is-data-view' ]
120 silly reify mark retired [ '/Users/ste/Documents/拼豆图纸转化/node_modules/is-date-object' ]
121 silly reify mark retired [ '/Users/ste/Documents/拼豆图纸转化/node_modules/is-finalizationregistry' ]
122 silly reify mark retired [ '/Users/ste/Documents/拼豆图纸转化/node_modules/is-generator-function' ]
123 silly reify mark retired [ '/Users/ste/Documents/拼豆图纸转化/node_modules/is-map' ]
124 silly reify mark retired [ '/Users/ste/Documents/拼豆图纸转化/node_modules/is-negative-zero' ]
125 silly reify mark retired [ '/Users/ste/Documents/拼豆图纸转化/node_modules/is-number-object' ]
126 silly reify mark retired [ '/Users/ste/Documents/拼豆图纸转化/node_modules/is-regex' ]
127 silly reify mark retired [ '/Users/ste/Documents/拼豆图纸转化/node_modules/is-set' ]
128 silly reify mark retired [ '/Users/ste/Documents/拼豆图纸转化/node_modules/is-shared-array-buffer' ]
129 silly reify mark retired [ '/Users/ste/Documents/拼豆图纸转化/node_modules/is-string' ]
130 silly reify mark retired [ '/Users/ste/Documents/拼豆图纸转化/node_modules/is-symbol' ]
131 silly reify mark retired [ '/Users/ste/Documents/拼豆图纸转化/node_modules/is-typed-array' ]
132 silly reify mark retired [ '/Users/ste/Documents/拼豆图纸转化/node_modules/is-weakmap' ]
133 silly reify mark retired [ '/Users/ste/Documents/拼豆图纸转化/node_modules/is-weakref' ]
134 silly reify mark retired [ '/Users/ste/Documents/拼豆图纸转化/node_modules/is-weakset' ]
135 silly reify mark retired [ '/Users/ste/Documents/拼豆图纸转化/node_modules/isarray' ]
136 silly reify mark retired [ '/Users/ste/Documents/拼豆图纸转化/node_modules/iterator.prototype' ]
137 silly reify mark retired [ '/Users/ste/Documents/拼豆图纸转化/node_modules/jest-worker' ]
138 silly reify mark retired [ '/Users/ste/Documents/拼豆图纸转化/node_modules/jiti' ]
139 silly reify mark retired [ '/Users/ste/Documents/拼豆图纸转化/node_modules/js-yaml' ]
140 silly reify mark retired [ '/Users/ste/Documents/拼豆图纸转化/node_modules/jsesc' ]
141 silly reify mark retired [ '/Users/ste/Documents/拼豆图纸转化/node_modules/json5' ]
142 silly reify mark retired [ '/Users/ste/Documents/拼豆图纸转化/node_modules/jsx-ast-utils' ]
143 silly reify mark retired [ '/Users/ste/Documents/拼豆图纸转化/node_modules/language-tags' ]
144 silly reify mark retired [ '/Users/ste/Documents/拼豆图纸转化/node_modules/language-subtag-registry' ]
145 silly reify mark retired [ '/Users/ste/Documents/拼豆图纸转化/node_modules/lightningcss' ]
146 silly reify mark retired [
146 silly reify   '/Users/ste/Documents/拼豆图纸转化/node_modules/lightningcss-darwin-arm64'
146 silly reify ]
147 silly reify mark retired [ '/Users/ste/Documents/拼豆图纸转化/node_modules/linebreak' ]
148 silly reify mark retired [ '/Users/ste/Documents/拼豆图纸转化/node_modules/loader-runner' ]
149 silly reify mark retired [ '/Users/ste/Documents/拼豆图纸转化/node_modules/loose-envify' ]
150 silly reify mark retired [ '/Users/ste/Documents/拼豆图纸转化/node_modules/magic-string' ]
151 silly reify mark retired [ '/Users/ste/Documents/拼豆图纸转化/node_modules/math-intrinsics' ]
152 silly reify mark retired [ '/Users/ste/Documents/拼豆图纸转化/node_modules/miniflare' ]
153 silly reify mark retired [ '/Users/ste/Documents/拼豆图纸转化/node_modules/minimist' ]
154 silly reify mark retired [ '/Users/ste/Documents/拼豆图纸转化/node_modules/minimatch' ]
155 silly reify mark retired [ '/Users/ste/Documents/拼豆图纸转化/node_modules/nanoid' ]
156 silly reify mark retired [ '/Users/ste/Documents/拼豆图纸转化/node_modules/napi-postinstall' ]
157 silly reify mark retired [ '/Users/ste/Documents/拼豆图纸转化/node_modules/neo-async' ]
158 silly reify mark retired [ '/Users/ste/Documents/拼豆图纸转化/node_modules/next' ]
159 silly reify mark retired [ '/Users/ste/Documents/拼豆图纸转化/node_modules/node-exports-info' ]
160 silly reify mark retired [ '/Users/ste/Documents/拼豆图纸转化/node_modules/node-releases' ]
161 silly reify mark retired [ '/Users/ste/Documents/拼豆图纸转化/node_modules/object-inspect' ]
162 silly reify mark retired [ '/Users/ste/Documents/拼豆图纸转化/node_modules/object-keys' ]
163 silly reify mark retired [ '/Users/ste/Documents/拼豆图纸转化/node_modules/object.assign' ]
164 silly reify mark retired [ '/Users/ste/Documents/拼豆图纸转化/node_modules/object.entries' ]
165 silly reify mark retired [ '/Users/ste/Documents/拼豆图纸转化/node_modules/object.fromentries' ]
166 silly reify mark retired [ '/Users/ste/Documents/拼豆图纸转化/node_modules/object.groupby' ]
167 silly reify mark retired [ '/Users/ste/Documents/拼豆图纸转化/node_modules/object.values' ]
168 silly reify mark retired [ '/Users/ste/Documents/拼豆图纸转化/node_modules/own-keys' ]
169 silly reify mark retired [ '/Users/ste/Documents/拼豆图纸转化/node_modules/pako' ]
170 silly reify mark retired [ '/Users/ste/Documents/拼豆图纸转化/node_modules/parse-css-color' ]
171 silly reify mark retired [
171 silly reify   '/Users/ste/Documents/拼豆图纸转化/node_modules/possible-typed-array-names'
171 silly reify ]
172 silly reify mark retired [ '/Users/ste/Documents/拼豆图纸转化/node_modules/picomatch' ]
173 silly reify mark retired [ '/Users/ste/Documents/拼豆图纸转化/node_modules/postcss' ]
174 silly reify mark retired [ '/Users/ste/Documents/拼豆图纸转化/node_modules/prop-types' ]
175 silly reify mark retired [ '/Users/ste/Documents/拼豆图纸转化/node_modules/react' ]
176 silly reify mark retired [ '/Users/ste/Documents/拼豆图纸转化/node_modules/react-dom' ]
177 silly reify mark retired [ '/Users/ste/Documents/拼豆图纸转化/node_modules/react-is' ]
178 silly reify mark retired [ '/Users/ste/Documents/拼豆图纸转化/node_modules/react-loading-skeleton' ]
179 silly reify mark retired [ '/Users/ste/Documents/拼豆图纸转化/node_modules/react-server-dom-webpack' ]
180 silly reify mark retired [ '/Users/ste/Documents/拼豆图纸转化/node_modules/reflect.getprototypeof' ]
181 silly reify mark retired [ '/Users/ste/Documents/拼豆图纸转化/node_modules/regexp.prototype.flags' ]
182 silly reify mark retired [ '/Users/ste/Documents/拼豆图纸转化/node_modules/require-from-string' ]
183 silly reify mark retired [ '/Users/ste/Documents/拼豆图纸转化/node_modules/resolve' ]
184 silly reify mark retired [ '/Users/ste/Documents/拼豆图纸转化/node_modules/resolve-pkg-maps' ]
185 silly reify mark retired [ '/Users/ste/Documents/拼豆图纸转化/node_modules/safe-array-concat' ]
186 silly reify mark retired [ '/Users/ste/Documents/拼豆图纸转化/node_modules/safe-push-apply' ]
187 silly reify mark retired [ '/Users/ste/Documents/拼豆图纸转化/node_modules/safe-regex-test' ]
188 silly reify mark retired [ '/Users/ste/Documents/拼豆图纸转化/node_modules/rolldown' ]
189 silly reify mark retired [ '/Users/ste/Documents/拼豆图纸转化/node_modules/satori' ]
190 silly reify mark retired [ '/Users/ste/Documents/拼豆图纸转化/node_modules/schema-utils' ]
191 silly reify mark retired [ '/Users/ste/Documents/拼豆图纸转化/node_modules/semver' ]
192 silly reify mark retired [ '/Users/ste/Documents/拼豆图纸转化/node_modules/set-function-length' ]
193 silly reify mark retired [ '/Users/ste/Documents/拼豆图纸转化/node_modules/set-function-name' ]
194 silly reify mark retired [ '/Users/ste/Documents/拼豆图纸转化/node_modules/set-proto' ]
195 silly reify mark retired [ '/Users/ste/Documents/拼豆图纸转化/node_modules/sharp' ]
196 silly reify mark retired [ '/Users/ste/Documents/拼豆图纸转化/node_modules/side-channel' ]
197 silly reify mark retired [ '/Users/ste/Documents/拼豆图纸转化/node_modules/side-channel-list' ]
198 silly reify mark retired [ '/Users/ste/Documents/拼豆图纸转化/node_modules/side-channel-map' ]
199 silly reify mark retired [ '/Users/ste/Documents/拼豆图纸转化/node_modules/side-channel-weakmap' ]
200 silly reify mark retired [ '/Users/ste/Documents/拼豆图纸转化/node_modules/srvx' ]
201 silly reify mark retired [ '/Users/ste/Documents/拼豆图纸转化/node_modules/stable-hash' ]
202 silly reify mark retired [ '/Users/ste/Documents/拼豆图纸转化/node_modules/stop-iteration-iterator' ]
203 silly reify mark retired [
203 silly reify   '/Users/ste/Documents/拼豆图纸转化/node_modules/string.prototype.codepointat'
203 silly reify ]
204 silly reify mark retired [
204 silly reify   '/Users/ste/Documents/拼豆图纸转化/node_modules/string.prototype.includes'
204 silly reify ]
205 silly reify mark retired [
205 silly reify   '/Users/ste/Documents/拼豆图纸转化/node_modules/string.prototype.matchall'
205 silly reify ]
206 silly reify mark retired [ '/Users/ste/Documents/拼豆图纸转化/node_modules/string.prototype.repeat' ]
207 silly reify mark retired [ '/Users/ste/Documents/拼豆图纸转化/node_modules/string.prototype.trim' ]
208 silly reify mark retired [ '/Users/ste/Documents/拼豆图纸转化/node_modules/string.prototype.trimend' ]
209 silly reify mark retired [
209 silly reify   '/Users/ste/Documents/拼豆图纸转化/node_modules/string.prototype.trimstart'
209 silly reify ]
210 silly reify mark retired [ '/Users/ste/Documents/拼豆图纸转化/node_modules/strip-bom' ]
211 silly reify mark retired [ '/Users/ste/Documents/拼豆图纸转化/node_modules/strip-literal' ]
212 silly reify mark retired [ '/Users/ste/Documents/拼豆图纸转化/node_modules/styled-jsx' ]
213 silly reify mark retired [ '/Users/ste/Documents/拼豆图纸转化/node_modules/tailwindcss' ]
214 silly reify mark retired [ '/Users/ste/Documents/拼豆图纸转化/node_modules/tapable' ]
215 silly reify mark retired [ '/Users/ste/Documents/拼豆图纸转化/node_modules/terser' ]
216 silly reify mark retired [ '/Users/ste/Documents/拼豆图纸转化/node_modules/terser-webpack-plugin' ]
217 silly reify mark retired [ '/Users/ste/Documents/拼豆图纸转化/node_modules/tiny-inflate' ]
218 silly reify mark retired [ '/Users/ste/Documents/拼豆图纸转化/node_modules/tinyglobby' ]
219 silly reify mark retired [ '/Users/ste/Documents/拼豆图纸转化/node_modules/ts-api-utils' ]
220 silly reify mark retired [ '/Users/ste/Documents/拼豆图纸转化/node_modules/tsconfck' ]
221 silly reify mark retired [ '/Users/ste/Documents/拼豆图纸转化/node_modules/tsconfig-paths' ]
222 silly reify mark retired [ '/Users/ste/Documents/拼豆图纸转化/node_modules/tslib' ]
223 silly reify mark retired [ '/Users/ste/Documents/拼豆图纸转化/node_modules/tsx' ]
224 silly reify mark retired [ '/Users/ste/Documents/拼豆图纸转化/node_modules/turbo-stream' ]
225 silly reify mark retired [ '/Users/ste/Documents/拼豆图纸转化/node_modules/typed-array-buffer' ]
226 silly reify mark retired [ '/Users/ste/Documents/拼豆图纸转化/node_modules/typed-array-byte-length' ]
227 silly reify mark retired [ '/Users/ste/Documents/拼豆图纸转化/node_modules/typed-array-byte-offset' ]
228 silly reify mark retired [ '/Users/ste/Documents/拼豆图纸转化/node_modules/typed-array-length' ]
229 silly reify mark retired [ '/Users/ste/Documents/拼豆图纸转化/node_modules/typescript' ]
230 silly reify mark retired [ '/Users/ste/Documents/拼豆图纸转化/node_modules/unbox-primitive' ]
231 silly reify mark retired [ '/Users/ste/Documents/拼豆图纸转化/node_modules/typescript-eslint' ]
232 silly reify mark retired [ '/Users/ste/Documents/拼豆图纸转化/node_modules/undici-types' ]
233 silly reify mark retired [ '/Users/ste/Documents/拼豆图纸转化/node_modules/unicode-trie' ]
234 silly reify mark retired [ '/Users/ste/Documents/拼豆图纸转化/node_modules/unpic' ]
235 silly reify mark retired [ '/Users/ste/Documents/拼豆图纸转化/node_modules/unrs-resolver' ]
236 silly reify mark retired [ '/Users/ste/Documents/拼豆图纸转化/node_modules/update-browserslist-db' ]
237 silly reify mark retired [ '/Users/ste/Documents/拼豆图纸转化/node_modules/vinext' ]
238 silly reify mark retired [ '/Users/ste/Documents/拼豆图纸转化/node_modules/vite' ]
239 silly reify mark retired [ '/Users/ste/Documents/拼豆图纸转化/node_modules/vite-plugin-commonjs' ]
240 silly reify mark retired [
240 silly reify   '/Users/ste/Documents/拼豆图纸转化/node_modules/vite-plugin-dynamic-import'
240 silly reify ]
241 silly reify mark retired [ '/Users/ste/Documents/拼豆图纸转化/node_modules/vite-tsconfig-paths' ]
242 silly reify mark retired [ '/Users/ste/Documents/拼豆图纸转化/node_modules/vitefu' ]
243 silly reify mark retired [ '/Users/ste/Documents/拼豆图纸转化/node_modules/watchpack' ]
244 silly reify mark retired [ '/Users/ste/Documents/拼豆图纸转化/node_modules/web-vitals' ]
245 silly reify mark retired [ '/Users/ste/Documents/拼豆图纸转化/node_modules/webpack' ]
246 silly reify mark retired [ '/Users/ste/Documents/拼豆图纸转化/node_modules/webpack-sources' ]
247 silly reify mark retired [ '/Users/ste/Documents/拼豆图纸转化/node_modules/which' ]
248 silly reify mark retired [ '/Users/ste/Documents/拼豆图纸转化/node_modules/which-boxed-primitive' ]
249 silly reify mark retired [ '/Users/ste/Documents/拼豆图纸转化/node_modules/which-builtin-type' ]
250 silly reify mark retired [ '/Users/ste/Documents/拼豆图纸转化/node_modules/which-collection' ]
251 silly reify mark retired [ '/Users/ste/Documents/拼豆图纸转化/node_modules/which-typed-array' ]
252 silly reify mark retired [ '/Users/ste/Documents/拼豆图纸转化/node_modules/workerd' ]
253 silly reify mark retired [ '/Users/ste/Documents/拼豆图纸转化/node_modules/wrangler' ]
254 silly reify mark retired [ '/Users/ste/Documents/拼豆图纸转化/node_modules/yoga-layout' ]
255 silly reify mark retired [ '/Users/ste/Documents/拼豆图纸转化/node_modules/zod' ]
256 silly reify mark retired [ '/Users/ste/Documents/拼豆图纸转化/node_modules/@babel/compat-data' ]
257 silly reify mark retired [ '/Users/ste/Documents/拼豆图纸转化/node_modules/@babel/helpers' ]
258 silly reify mark retired [ '/Users/ste/Documents/拼豆图纸转化/node_modules/@babel/parser' ]
259 silly reify mark retired [ '/Users/ste/Documents/拼豆图纸转化/node_modules/@cloudflare/vite-plugin' ]
260 silly reify mark retired [
260 silly reify   '/Users/ste/Documents/拼豆图纸转化/node_modules/@cloudflare/workerd-darwin-arm64'
260 silly reify ]
261 silly reify mark retired [ '/Users/ste/Documents/拼豆图纸转化/node_modules/@drizzle-team/brocli' ]
262 silly reify mark retired [ '/Users/ste/Documents/拼豆图纸转化/node_modules/@emnapi/core' ]
263 silly reify mark retired [ '/Users/ste/Documents/拼豆图纸转化/node_modules/@emnapi/runtime' ]
264 silly reify mark retired [ '/Users/ste/Documents/拼豆图纸转化/node_modules/@emnapi/wasi-threads' ]
265 silly reify mark retired [ '/Users/ste/Documents/拼豆图纸转化/node_modules/@esbuild/darwin-arm64' ]
266 silly reify mark retired [ '/Users/ste/Documents/拼豆图纸转化/node_modules/@esbuild-kit/esm-loader' ]
267 silly reify mark retired [ '/Users/ste/Documents/拼豆图纸转化/node_modules/@esbuild-kit/core-utils' ]
268 silly reify mark retired [ '/Users/ste/Documents/拼豆图纸转化/node_modules/@eslint/config-array' ]
269 silly reify mark retired [ '/Users/ste/Documents/拼豆图纸转化/node_modules/@eslint/eslintrc' ]
270 silly reify mark retired [ '/Users/ste/Documents/拼豆图纸转化/node_modules/@eslint/js' ]
271 silly reify mark retired [ '/Users/ste/Documents/拼豆图纸转化/node_modules/@humanfs/core' ]
272 silly reify mark retired [ '/Users/ste/Documents/拼豆图纸转化/node_modules/@humanfs/types' ]
273 silly reify mark retired [ '/Users/ste/Documents/拼豆图纸转化/node_modules/@humanfs/node' ]
274 silly reify mark retired [ '/Users/ste/Documents/拼豆图纸转化/node_modules/@img/colour' ]
275 silly reify mark retired [ '/Users/ste/Documents/拼豆图纸转化/node_modules/@img/sharp-darwin-arm64' ]
276 silly reify mark retired [
276 silly reify   '/Users/ste/Documents/拼豆图纸转化/node_modules/@img/sharp-libvips-darwin-arm64'
276 silly reify ]
277 silly reify mark retired [ '/Users/ste/Documents/拼豆图纸转化/node_modules/@next/env' ]
278 silly reify mark retired [ '/Users/ste/Documents/拼豆图纸转化/node_modules/@next/eslint-plugin-next' ]
279 silly reify mark retired [ '/Users/ste/Documents/拼豆图纸转化/node_modules/@next/swc-darwin-arm64' ]
280 silly reify mark retired [ '/Users/ste/Documents/拼豆图纸转化/node_modules/@nolyfill/is-core-module' ]
281 silly reify mark retired [ '/Users/ste/Documents/拼豆图纸转化/node_modules/@oxc-project/types' ]
282 silly reify mark retired [ '/Users/ste/Documents/拼豆图纸转化/node_modules/@resvg/resvg-wasm' ]
283 silly reify mark retired [
283 silly reify   '/Users/ste/Documents/拼豆图纸转化/node_modules/@rolldown/binding-darwin-arm64'
283 silly reify ]
284 silly reify mark retired [ '/Users/ste/Documents/拼豆图纸转化/node_modules/@rolldown/pluginutils' ]
285 silly reify mark retired [ '/Users/ste/Documents/拼豆图纸转化/node_modules/@rtsao/scc' ]
286 silly reify mark retired [ '/Users/ste/Documents/拼豆图纸转化/node_modules/@swc/helpers' ]
287 silly reify mark retired [ '/Users/ste/Documents/拼豆图纸转化/node_modules/@types/eslint' ]
288 silly reify mark retired [ '/Users/ste/Documents/拼豆图纸转化/node_modules/@shuding/opentype.js' ]
289 silly reify mark retired [ '/Users/ste/Documents/拼豆图纸转化/node_modules/@tybys/wasm-util' ]
290 silly reify mark retired [ '/Users/ste/Documents/拼豆图纸转化/node_modules/@types/eslint-scope' ]
291 silly reify mark retired [ '/Users/ste/Documents/拼豆图纸转化/node_modules/@types/node' ]
292 silly reify mark retired [ '/Users/ste/Documents/拼豆图纸转化/node_modules/@types/json5' ]
293 silly reify mark retired [ '/Users/ste/Documents/拼豆图纸转化/node_modules/@tailwindcss/node' ]
294 silly reify mark retired [ '/Users/ste/Documents/拼豆图纸转化/node_modules/@tailwindcss/oxide' ]
295 silly reify mark retired [
295 silly reify   '/Users/ste/Documents/拼豆图纸转化/node_modules/@tailwindcss/oxide-darwin-arm64'
295 silly reify ]
296 silly reify mark retired [ '/Users/ste/Documents/拼豆图纸转化/node_modules/@tailwindcss/postcss' ]
297 silly reify mark retired [
297 silly reify   '/Users/ste/Documents/拼豆图纸转化/node_modules/@typescript-eslint/eslint-plugin'
297 silly reify ]
298 silly reify mark retired [
298 silly reify   '/Users/ste/Documents/拼豆图纸转化/node_modules/@typescript-eslint/parser'
298 silly reify ]
299 silly reify mark retired [
299 silly reify   '/Users/ste/Documents/拼豆图纸转化/node_modules/@typescript-eslint/project-service'
299 silly reify ]
300 silly reify mark retired [
300 silly reify   '/Users/ste/Documents/拼豆图纸转化/node_modules/@typescript-eslint/scope-manager'
300 silly reify ]
301 silly reify mark retired [
301 silly reify   '/Users/ste/Documents/拼豆图纸转化/node_modules/@typescript-eslint/tsconfig-utils'
301 silly reify ]
302 silly reify mark retired [
302 silly reify   '/Users/ste/Documents/拼豆图纸转化/node_modules/@typescript-eslint/type-utils'
302 silly reify ]
303 silly reify mark retired [ '/Users/ste/Documents/拼豆图纸转化/node_modules/@typescript-eslint/types' ]
304 silly reify mark retired [
304 silly reify   '/Users/ste/Documents/拼豆图纸转化/node_modules/@typescript-eslint/typescript-estree'
304 silly reify ]
305 silly reify mark retired [ '/Users/ste/Documents/拼豆图纸转化/node_modules/@typescript-eslint/utils' ]
306 silly reify mark retired [
306 silly reify   '/Users/ste/Documents/拼豆图纸转化/node_modules/@typescript-eslint/visitor-keys'
306 silly reify ]
307 silly reify mark retired [ '/Users/ste/Documents/拼豆图纸转化/node_modules/@unpic/core' ]
308 silly reify mark retired [ '/Users/ste/Documents/拼豆图纸转化/node_modules/@unpic/react' ]
309 silly reify mark retired [
309 silly reify   '/Users/ste/Documents/拼豆图纸转化/node_modules/@unrs/resolver-binding-darwin-arm64'
309 silly reify ]
310 silly reify mark retired [ '/Users/ste/Documents/拼豆图纸转化/node_modules/@vercel/og' ]
311 silly reify mark retired [ '/Users/ste/Documents/拼豆图纸转化/node_modules/@vitejs/plugin-react' ]
312 silly reify mark retired [ '/Users/ste/Documents/拼豆图纸转化/node_modules/@vitejs/plugin-rsc' ]
313 silly reify mark retired [ '/Users/ste/Documents/拼豆图纸转化/node_modules/@webassemblyjs/ast' ]
314 silly reify mark retired [
314 silly reify   '/Users/ste/Documents/拼豆图纸转化/node_modules/@webassemblyjs/helper-api-error'
314 silly reify ]
315 silly reify mark retired [
315 silly reify   '/Users/ste/Documents/拼豆图纸转化/node_modules/@webassemblyjs/floating-point-hex-parser'
315 silly reify ]
316 silly reify mark retired [
316 silly reify   '/Users/ste/Documents/拼豆图纸转化/node_modules/@webassemblyjs/helper-buffer'
316 silly reify ]
317 silly reify mark retired [
317 silly reify   '/Users/ste/Documents/拼豆图纸转化/node_modules/@webassemblyjs/helper-wasm-bytecode'
317 silly reify ]
318 silly reify mark retired [
318 silly reify   '/Users/ste/Documents/拼豆图纸转化/node_modules/@webassemblyjs/helper-numbers'
318 silly reify ]
319 silly reify mark retired [ '/Users/ste/Documents/拼豆图纸转化/node_modules/@webassemblyjs/ieee754' ]
320 silly reify mark retired [
320 silly reify   '/Users/ste/Documents/拼豆图纸转化/node_modules/@webassemblyjs/helper-wasm-section'
320 silly reify ]
321 silly reify mark retired [ '/Users/ste/Documents/拼豆图纸转化/node_modules/@webassemblyjs/leb128' ]
322 silly reify mark retired [ '/Users/ste/Documents/拼豆图纸转化/node_modules/@webassemblyjs/utf8' ]
323 silly reify mark retired [ '/Users/ste/Documents/拼豆图纸转化/node_modules/@webassemblyjs/wasm-edit' ]
324 silly reify mark retired [ '/Users/ste/Documents/拼豆图纸转化/node_modules/@webassemblyjs/wasm-gen' ]
325 silly reify mark retired [ '/Users/ste/Documents/拼豆图纸转化/node_modules/@webassemblyjs/wasm-opt' ]
326 silly reify mark retired [
326 silly reify   '/Users/ste/Documents/拼豆图纸转化/node_modules/@webassemblyjs/wasm-parser'
326 silly reify ]
327 silly reify mark retired [
327 silly reify   '/Users/ste/Documents/拼豆图纸转化/node_modules/@webassemblyjs/wast-printer'
327 silly reify ]
328 silly reify mark retired [ '/Users/ste/Documents/拼豆图纸转化/node_modules/@xtuc/ieee754' ]
329 silly reify mark retired [ '/Users/ste/Documents/拼豆图纸转化/node_modules/@xtuc/long' ]
330 silly reify moves {
330 silly reify   '/Users/ste/Documents/拼豆图纸转化/node_modules/acorn': '/Users/ste/Documents/拼豆图纸转化/node_modules/.acorn-SYoavhk0',
330 silly reify   '/Users/ste/Documents/拼豆图纸转化/node_modules/acorn-import-phases': '/Users/ste/Documents/拼豆图纸转化/node_modules/.acorn-import-phases-VB8X0BMK',
330 silly reify   '/Users/ste/Documents/拼豆图纸转化/node_modules/acorn-loose': '/Users/ste/Documents/拼豆图纸转化/node_modules/.acorn-loose-avQnidSV',
330 silly reify   '/Users/ste/Documents/拼豆图纸转化/node_modules/ajv': '/Users/ste/Documents/拼豆图纸转化/node_modules/.ajv-ZEcLYxv6',
330 silly reify   '/Users/ste/Documents/拼豆图纸转化/node_modules/ajv-formats': '/Users/ste/Documents/拼豆图纸转化/node_modules/.ajv-formats-kyqWg48v',
330 silly reify   '/Users/ste/Documents/拼豆图纸转化/node_modules/aria-query': '/Users/ste/Documents/拼豆图纸转化/node_modules/.aria-query-NKTgJEHD',
330 silly reify   '/Users/ste/Documents/拼豆图纸转化/node_modules/array-buffer-byte-length': '/Users/ste/Documents/拼豆图纸转化/node_modules/.array-buffer-byte-length-VBVLKzdB',
330 silly reify   '/Users/ste/Documents/拼豆图纸转化/node_modules/array-includes': '/Users/ste/Documents/拼豆图纸转化/node_modules/.array-includes-mHzMkolx',
330 silly reify   '/Users/ste/Documents/拼豆图纸转化/node_modules/array.prototype.findlastindex': '/Users/ste/Documents/拼豆图纸转化/node_modules/.array.prototype.findlastindex-sbumbmS2',
330 silly reify   '/Users/ste/Documents/拼豆图纸转化/node_modules/array.prototype.findlast': '/Users/ste/Documents/拼豆图纸转化/node_modules/.array.prototype.findlast-hsGEk1wt',
330 silly reify   '/Users/ste/Documents/拼豆图纸转化/node_modules/array.prototype.flat': '/Users/ste/Documents/拼豆图纸转化/node_modules/.array.prototype.flat-YA9soU1E',
330 silly reify   '/Users/ste/Documents/拼豆图纸转化/node_modules/array.prototype.flatmap': '/Users/ste/Documents/拼豆图纸转化/node_modules/.array.prototype.flatmap-wea2IYg3',
330 silly reify   '/Users/ste/Documents/拼豆图纸转化/node_modules/array.prototype.tosorted': '/Users/ste/Documents/拼豆图纸转化/node_modules/.array.prototype.tosorted-WPxRKDqt',
330 silly reify   '/Users/ste/Documents/拼豆图纸转化/node_modules/arraybuffer.prototype.slice': '/Users/ste/Documents/拼豆图纸转化/node_modules/.arraybuffer.prototype.slice-VRaCM8zi',
330 silly reify   '/Users/ste/Documents/拼豆图纸转化/node_modules/ast-types-flow': '/Users/ste/Documents/拼豆图纸转化/node_modules/.ast-types-flow-RQ9q5ZgV',
330 silly reify   '/Users/ste/Documents/拼豆图纸转化/node_modules/async-function': '/Users/ste/Documents/拼豆图纸转化/node_modules/.async-function-hnPeC52t',
330 silly reify   '/Users/ste/Documents/拼豆图纸转化/node_modules/available-typed-arrays': '/Users/ste/Documents/拼豆图纸转化/node_modules/.available-typed-arrays-oClY8eCB',
330 silly reify   '/Users/ste/Documents/拼豆图纸转化/node_modules/axe-core': '/Users/ste/Documents/拼豆图纸转化/node_modules/.axe-core-B49i3qeI',
330 silly reify   '/Users/ste/Documents/拼豆图纸转化/node_modules/axobject-query': '/Users/ste/Documents/拼豆图纸转化/node_modules/.axobject-query-MEsiR6GC',
330 silly reify   '/Users/ste/Documents/拼豆图纸转化/node_modules/base64-js': '/Users/ste/Documents/拼豆图纸转化/node_modules/.base64-js-8NA6aY64',
330 silly reify   '/Users/ste/Documents/拼豆图纸转化/node_modules/brace-expansion': '/Users/ste/Documents/拼豆图纸转化/node_modules/.brace-expansion-SfP2r2LH',
330 silly reify   '/Users/ste/Documents/拼豆图纸转化/node_modules/baseline-browser-mapping': '/Users/ste/Documents/拼豆图纸转化/node_modules/.baseline-browser-mapping-BDcS1qBl',
330 silly reify   '/Users/ste/Documents/拼豆图纸转化/node_modules/browserslist': '/Users/ste/Documents/拼豆图纸转化/node_modules/.browserslist-FYgWoKef',
330 silly reify   '/Users/ste/Documents/拼豆图纸转化/node_modules/call-bind': '/Users/ste/Documents/拼豆图纸转化/node_modules/.call-bind-qpwk0eTt',
330 silly reify   '/Users/ste/Documents/拼豆图纸转化/node_modules/call-bind-apply-helpers': '/Users/ste/Documents/拼豆图纸转化/node_modules/.call-bind-apply-helpers-lF0Ki3GI',
330 silly reify   '/Users/ste/Documents/拼豆图纸转化/node_modules/call-bound': '/Users/ste/Documents/拼豆图纸转化/node_modules/.call-bound-eUzRLJRG',
330 silly reify   '/Users/ste/Documents/拼豆图纸转化/node_modules/caniuse-lite': '/Users/ste/Documents/拼豆图纸转化/node_modules/.caniuse-lite-qW80vb7H',
330 silly reify   '/Users/ste/Documents/拼豆图纸转化/node_modules/camelize': '/Users/ste/Documents/拼豆图纸转化/node_modules/.camelize-VY15Li8r',
330 silly reify   '/Users/ste/Documents/拼豆图纸转化/node_modules/client-only': '/Users/ste/Documents/拼豆图纸转化/node_modules/.client-only-G4RhFrvS',
330 silly reify   '/Users/ste/Documents/拼豆图纸转化/node_modules/chrome-trace-event': '/Users/ste/Documents/拼豆图纸转化/node_modules/.chrome-trace-event-zXZU1bIx',
330 silly reify   '/Users/ste/Documents/拼豆图纸转化/node_modules/css-background-parser': '/Users/ste/Documents/拼豆图纸转化/node_modules/.css-background-parser-PuYD9iva',
330 silly reify   '/Users/ste/Documents/拼豆图纸转化/node_modules/css-box-shadow': '/Users/ste/Documents/拼豆图纸转化/node_modules/.css-box-shadow-N3TQyiYC',
330 silly reify   '/Users/ste/Documents/拼豆图纸转化/node_modules/css-gradient-parser': '/Users/ste/Documents/拼豆图纸转化/node_modules/.css-gradient-parser-h8HtSWh4',
330 silly reify   '/Users/ste/Documents/拼豆图纸转化/node_modules/css-color-keywords': '/Users/ste/Documents/拼豆图纸转化/node_modules/.css-color-keywords-xUIr6qSB',
330 silly reify   '/Users/ste/Documents/拼豆图纸转化/node_modules/css-to-react-native': '/Users/ste/Documents/拼豆图纸转化/node_modules/.css-to-react-native-O8OJi02r',
330 silly reify   '/Users/ste/Documents/拼豆图纸转化/node_modules/damerau-levenshtein': '/Users/ste/Documents/拼豆图纸转化/node_modules/.damerau-levenshtein-RUPqAG1a',
330 silly reify   '/Users/ste/Documents/拼豆图纸转化/node_modules/data-view-byte-length': '/Users/ste/Documents/拼豆图纸转化/node_modules/.data-view-byte-length-x0jGHStQ',
330 silly reify   '/Users/ste/Documents/拼豆图纸转化/node_modules/data-view-byte-offset': '/Users/ste/Documents/拼豆图纸转化/node_modules/.data-view-byte-offset-dPFhwDEk',
330 silly reify   '/Users/ste/Documents/拼豆图纸转化/node_modules/data-view-buffer': '/Users/ste/Documents/拼豆图纸转化/node_modules/.data-view-buffer-8NihdLPJ',
330 silly reify   '/Users/ste/Documents/拼豆图纸转化/node_modules/define-data-property': '/Users/ste/Documents/拼豆图纸转化/node_modules/.define-data-property-QPWFejRw',
330 silly reify   '/Users/ste/Documents/拼豆图纸转化/node_modules/define-properties': '/Users/ste/Documents/拼豆图纸转化/node_modules/.define-properties-RKNNMzEI',
330 silly reify   '/Users/ste/Documents/拼豆图纸转化/node_modules/doctrine': '/Users/ste/Documents/拼豆图纸转化/node_modules/.doctrine-ZyMyu1M8',
330 silly reify   '/Users/ste/Documents/拼豆图纸转化/node_modules/detect-libc': '/Users/ste/Documents/拼豆图纸转化/node_modules/.detect-libc-GAFc3yy5',
330 silly reify   '/Users/ste/Documents/拼豆图纸转化/node_modules/drizzle-kit': '/Users/ste/Documents/拼豆图纸转化/node_modules/.drizzle-kit-SNvuff1m',
330 silly reify   '/Users/ste/Documents/拼豆图纸转化/node_modules/dunder-proto': '/Users/ste/Documents/拼豆图纸转化/node_modules/.dunder-proto-WrdDuEt7',
330 silly reify   '/Users/ste/Documents/拼豆图纸转化/node_modules/electron-to-chromium': '/Users/ste/Documents/拼豆图纸转化/node_modules/.electron-to-chromium-sy5MnSkJ',
330 silly reify   '/Users/ste/Documents/拼豆图纸转化/node_modules/emoji-regex': '/Users/ste/Documents/拼豆图纸转化/node_modules/.emoji-regex-WZjpmNFm',
330 silly reify   '/Users/ste/Documents/拼豆图纸转化/node_modules/drizzle-orm': '/Users/ste/Documents/拼豆图纸转化/node_modules/.drizzle-orm-1eUKnXz5',
330 silly reify   '/Users/ste/Documents/拼豆图纸转化/node_modules/emoji-regex-xs': '/Users/ste/Documents/拼豆图纸转化/node_modules/.emoji-regex-xs-oEZkuDuE',
330 silly reify   '/Users/ste/Documents/拼豆图纸转化/node_modules/enhanced-resolve': '/Users/ste/Documents/拼豆图纸转化/node_modules/.enhanced-resolve-W6krnpuZ',
330 silly reify   '/Users/ste/Documents/拼豆图纸转化/node_modules/es-abstract': '/Users/ste/Documents/拼豆图纸转化/node_modules/.es-abstract-KxtRtR9r',
330 silly reify   '/Users/ste/Documents/拼豆图纸转化/node_modules/es-define-property': '/Users/ste/Documents/拼豆图纸转化/node_modules/.es-define-property-lHZO5z4R',
330 silly reify   '/Users/ste/Documents/拼豆图纸转化/node_modules/es-errors': '/Users/ste/Documents/拼豆图纸转化/node_modules/.es-errors-zxzY8ik7',
330 silly reify   '/Users/ste/Documents/拼豆图纸转化/node_modules/es-iterator-helpers': '/Users/ste/Documents/拼豆图纸转化/node_modules/.es-iterator-helpers-RKokuevC',
330 silly reify   '/Users/ste/Documents/拼豆图纸转化/node_modules/es-module-lexer': '/Users/ste/Documents/拼豆图纸转化/node_modules/.es-module-lexer-1o01tsZo',
330 silly reify   '/Users/ste/Documents/拼豆图纸转化/node_modules/es-set-tostringtag': '/Users/ste/Documents/拼豆图纸转化/node_modules/.es-set-tostringtag-XvLZbA1E',
330 silly reify   '/Users/ste/Documents/拼豆图纸转化/node_modules/es-shim-unscopables': '/Users/ste/Documents/拼豆图纸转化/node_modules/.es-shim-unscopables-mAUUGDKM',
330 silly reify   '/Users/ste/Documents/拼豆图纸转化/node_modules/es-object-atoms': '/Users/ste/Documents/拼豆图纸转化/node_modules/.es-object-atoms-TVoiU2vO',
330 silly reify   '/Users/ste/Documents/拼豆图纸转化/node_modules/es-to-primitive': '/Users/ste/Documents/拼豆图纸转化/node_modules/.es-to-primitive-kAngW3cC',
330 silly reify   '/Users/ste/Documents/拼豆图纸转化/node_modules/esbuild': '/Users/ste/Documents/拼豆图纸转化/node_modules/.esbuild-wdDLIWRZ',
330 silly reify   '/Users/ste/Documents/拼豆图纸转化/node_modules/eslint': '/Users/ste/Documents/拼豆图纸转化/node_modules/.eslint-pBVTpCZp',
330 silly reify   '/Users/ste/Documents/拼豆图纸转化/node_modules/eslint-import-resolver-node': '/Users/ste/Documents/拼豆图纸转化/node_modules/.eslint-import-resolver-node-5ml7uRHH',
330 silly reify   '/Users/ste/Documents/拼豆图纸转化/node_modules/eslint-import-resolver-typescript': '/Users/ste/Documents/拼豆图纸转化/node_modules/.eslint-import-resolver-typescript-Ed7n9kSS',
330 silly reify   '/Users/ste/Documents/拼豆图纸转化/node_modules/eslint-plugin-import': '/Users/ste/Documents/拼豆图纸转化/node_modules/.eslint-plugin-import-duSWxeAe',
330 silly reify   '/Users/ste/Documents/拼豆图纸转化/node_modules/eslint-module-utils': '/Users/ste/Documents/拼豆图纸转化/node_modules/.eslint-module-utils-gsNeonWr',
330 silly reify   '/Users/ste/Documents/拼豆图纸转化/node_modules/eslint-plugin-react': '/Users/ste/Documents/拼豆图纸转化/node_modules/.eslint-plugin-react-RgKce7qG',
330 silly reify   '/Users/ste/Documents/拼豆图纸转化/node_modules/eslint-config-next': '/Users/ste/Documents/拼豆图纸转化/node_modules/.eslint-config-next-MGWx9h1f',
330 silly reify   '/Users/ste/Documents/拼豆图纸转化/node_modules/eslint-plugin-react-hooks': '/Users/ste/Documents/拼豆图纸转化/node_modules/.eslint-plugin-react-hooks-XYXugQRk',
330 silly reify   '/Users/ste/Documents/拼豆图纸转化/node_modules/eslint-plugin-jsx-a11y': '/Users/ste/Documents/拼豆图纸转化/node_modules/.eslint-plugin-jsx-a11y-nfyBC4QD',
330 silly reify   '/Users/ste/Documents/拼豆图纸转化/node_modules/estree-walker': '/Users/ste/Documents/拼豆图纸转化/node_modules/.estree-walker-DZXAGYBq',
330 silly reify   '/Users/ste/Documents/拼豆图纸转化/node_modules/events': '/Users/ste/Documents/拼豆图纸转化/node_modules/.events-S4GZLhkp',
330 silly reify   '/Users/ste/Documents/拼豆图纸转化/node_modules/fast-glob': '/Users/ste/Documents/拼豆图纸转化/node_modules/.fast-glob-mqWJYTGW',
330 silly reify   '/Users/ste/Documents/拼豆图纸转化/node_modules/fast-uri': '/Users/ste/Documents/拼豆图纸转化/node_modules/.fast-uri-wL98g3uK',
330 silly reify   '/Users/ste/Documents/拼豆图纸转化/node_modules/fflate': '/Users/ste/Documents/拼豆图纸转化/node_modules/.fflate-d6B98X8f',
330 silly reify   '/Users/ste/Documents/拼豆图纸转化/node_modules/flatted': '/Users/ste/Documents/拼豆图纸转化/node_modules/.flatted-ik4rYqvL',
330 silly reify   '/Users/ste/Documents/拼豆图纸转化/node_modules/for-each': '/Users/ste/Documents/拼豆图纸转化/node_modules/.for-each-Vsx0VFlZ',
330 silly reify   '/Users/ste/Documents/拼豆图纸转化/node_modules/function.prototype.name': '/Users/ste/Documents/拼豆图纸转化/node_modules/.function.prototype.name-zKL1WEpJ',
330 silly reify   '/Users/ste/Documents/拼豆图纸转化/node_modules/functions-have-names': '/Users/ste/Documents/拼豆图纸转化/node_modules/.functions-have-names-RvccjO3O',
330 silly reify   '/Users/ste/Documents/拼豆图纸转化/node_modules/generator-function': '/Users/ste/Documents/拼豆图纸转化/node_modules/.generator-function-vZk2sK95',
330 silly reify   '/Users/ste/Documents/拼豆图纸转化/node_modules/get-intrinsic': '/Users/ste/Documents/拼豆图纸转化/node_modules/.get-intrinsic-AppyhGtf',
330 silly reify   '/Users/ste/Documents/拼豆图纸转化/node_modules/get-proto': '/Users/ste/Documents/拼豆图纸转化/node_modules/.get-proto-3mXRZRhm',
330 silly reify   '/Users/ste/Documents/拼豆图纸转化/node_modules/get-symbol-description': '/Users/ste/Documents/拼豆图纸转化/node_modules/.get-symbol-description-ZepEFSoj',
330 silly reify   '/Users/ste/Documents/拼豆图纸转化/node_modules/get-tsconfig': '/Users/ste/Documents/拼豆图纸转化/node_modules/.get-tsconfig-kNdHtzk4',
330 silly reify   '/Users/ste/Documents/拼豆图纸转化/node_modules/glob-to-regexp': '/Users/ste/Documents/拼豆图纸转化/node_modules/.glob-to-regexp-KAzFwH87',
330 silly reify   '/Users/ste/Documents/拼豆图纸转化/node_modules/globalthis': '/Users/ste/Documents/拼豆图纸转化/node_modules/.globalthis-gm88EoWd',
330 silly reify   '/Users/ste/Documents/拼豆图纸转化/node_modules/globrex': '/Users/ste/Documents/拼豆图纸转化/node_modules/.globrex-Csv0A5sD',
330 silly reify   '/Users/ste/Documents/拼豆图纸转化/node_modules/gopd': '/Users/ste/Documents/拼豆图纸转化/node_modules/.gopd-YINFbiF8',
330 silly reify   '/Users/ste/Documents/拼豆图纸转化/node_modules/graceful-fs': '/Users/ste/Documents/拼豆图纸转化/node_modules/.graceful-fs-GVRUBXos',
330 silly reify   '/Users/ste/Documents/拼豆图纸转化/node_modules/has-bigints': '/Users/ste/Documents/拼豆图纸转化/node_modules/.has-bigints-gy4mSVIP',
330 silly reify   '/Users/ste/Documents/拼豆图纸转化/node_modules/has-property-descriptors': '/Users/ste/Documents/拼豆图纸转化/node_modules/.has-property-descriptors-vY5fEBSN',
330 silly reify   '/Users/ste/Documents/拼豆图纸转化/node_modules/has-proto': '/Users/ste/Documents/拼豆图纸转化/node_modules/.has-proto-pEPCbqke',
330 silly reify   '/Users/ste/Documents/拼豆图纸转化/node_modules/has-symbols': '/Users/ste/Documents/拼豆图纸转化/node_modules/.has-symbols-k919rZMS',
330 silly reify   '/Users/ste/Documents/拼豆图纸转化/node_modules/has-tostringtag': '/Users/ste/Documents/拼豆图纸转化/node_modules/.has-tostringtag-mSNX6mZn',
330 silly reify   '/Users/ste/Documents/拼豆图纸转化/node_modules/hasown': '/Users/ste/Documents/拼豆图纸转化/node_modules/.hasown-b2K07PZR',
330 silly reify   '/Users/ste/Documents/拼豆图纸转化/node_modules/hex-rgb': '/Users/ste/Documents/拼豆图纸转化/node_modules/.hex-rgb-zi8hmAy3',
330 silly reify   '/Users/ste/Documents/拼豆图纸转化/node_modules/image-size': '/Users/ste/Documents/拼豆图纸转化/node_modules/.image-size-GPlNoTAj',
330 silly reify   '/Users/ste/Documents/拼豆图纸转化/node_modules/internal-slot': '/Users/ste/Documents/拼豆图纸转化/node_modules/.internal-slot-ygQw9hxb',
330 silly reify   '/Users/ste/Documents/拼豆图纸转化/node_modules/ipaddr.js': '/Users/ste/Documents/拼豆图纸转化/node_modules/.ipaddr.js-avddbSAB',
330 silly reify   '/Users/ste/Documents/拼豆图纸转化/node_modules/is-array-buffer': '/Users/ste/Documents/拼豆图纸转化/node_modules/.is-array-buffer-00dXKIE0',
330 silly reify   '/Users/ste/Documents/拼豆图纸转化/node_modules/is-async-function': '/Users/ste/Documents/拼豆图纸转化/node_modules/.is-async-function-rLsrOXkV',
330 silly reify   '/Users/ste/Documents/拼豆图纸转化/node_modules/is-bigint': '/Users/ste/Documents/拼豆图纸转化/node_modules/.is-bigint-KQThzY4O',
330 silly reify   '/Users/ste/Documents/拼豆图纸转化/node_modules/is-boolean-object': '/Users/ste/Documents/拼豆图纸转化/node_modules/.is-boolean-object-3HGSQP71',
330 silly reify   '/Users/ste/Documents/拼豆图纸转化/node_modules/is-bun-module': '/Users/ste/Documents/拼豆图纸转化/node_modules/.is-bun-module-kUSFR00r',
330 silly reify   '/Users/ste/Documents/拼豆图纸转化/node_modules/is-callable': '/Users/ste/Documents/拼豆图纸转化/node_modules/.is-callable-VOwI7Ylo',
330 silly reify   '/Users/ste/Documents/拼豆图纸转化/node_modules/is-core-module': '/Users/ste/Documents/拼豆图纸转化/node_modules/.is-core-module-A6hSGqpH',
330 silly reify   '/Users/ste/Documents/拼豆图纸转化/node_modules/is-data-view': '/Users/ste/Documents/拼豆图纸转化/node_modules/.is-data-view-5RMhXlAW',
330 silly reify   '/Users/ste/Documents/拼豆图纸转化/node_modules/is-date-object': '/Users/ste/Documents/拼豆图纸转化/node_modules/.is-date-object-7tCqeE6i',
330 silly reify   '/Users/ste/Documents/拼豆图纸转化/node_modules/is-finalizationregistry': '/Users/ste/Documents/拼豆图纸转化/node_modules/.is-finalizationregistry-x2QMou4B',
330 silly reify   '/Users/ste/Documents/拼豆图纸转化/node_modules/is-generator-function': '/Users/ste/Documents/拼豆图纸转化/node_modules/.is-generator-function-BT9sEvMd',
330 silly reify   '/Users/ste/Documents/拼豆图纸转化/node_modules/is-map': '/Users/ste/Documents/拼豆图纸转化/node_modules/.is-map-etFwQApL',
330 silly reify   '/Users/ste/Documents/拼豆图纸转化/node_modules/is-negative-zero': '/Users/ste/Documents/拼豆图纸转化/node_modules/.is-negative-zero-nkCoDmzD',
330 silly reify   '/Users/ste/Documents/拼豆图纸转化/node_modules/is-number-object': '/Users/ste/Documents/拼豆图纸转化/node_modules/.is-number-object-QWpfrtXy',
330 silly reify   '/Users/ste/Documents/拼豆图纸转化/node_modules/is-regex': '/Users/ste/Documents/拼豆图纸转化/node_modules/.is-regex-FVCzjLMk',
330 silly reify   '/Users/ste/Documents/拼豆图纸转化/node_modules/is-set': '/Users/ste/Documents/拼豆图纸转化/node_modules/.is-set-VLBhE05g',
330 silly reify   '/Users/ste/Documents/拼豆图纸转化/node_modules/is-shared-array-buffer': '/Users/ste/Documents/拼豆图纸转化/node_modules/.is-shared-array-buffer-ozsv2Rhg',
330 silly reify   '/Users/ste/Documents/拼豆图纸转化/node_modules/is-string': '/Users/ste/Documents/拼豆图纸转化/node_modules/.is-string-v42LwLbq',
330 silly reify   '/Users/ste/Documents/拼豆图纸转化/node_modules/is-symbol': '/Users/ste/Documents/拼豆图纸转化/node_modules/.is-symbol-ZT4GYF89',
330 silly reify   '/Users/ste/Documents/拼豆图纸转化/node_modules/is-typed-array': '/Users/ste/Documents/拼豆图纸转化/node_modules/.is-typed-array-EgwCTYbV',
330 silly reify   '/Users/ste/Documents/拼豆图纸转化/node_modules/is-weakmap': '/Users/ste/Documents/拼豆图纸转化/node_modules/.is-weakmap-9bVufswf',
330 silly reify   '/Users/ste/Documents/拼豆图纸转化/node_modules/is-weakref': '/Users/ste/Documents/拼豆图纸转化/node_modules/.is-weakref-Lyhyrv3P',
330 silly reify   '/Users/ste/Documents/拼豆图纸转化/node_modules/is-weakset': '/Users/ste/Documents/拼豆图纸转化/node_modules/.is-weakset-Gv6cHX8x',
330 silly reify   '/Users/ste/Documents/拼豆图纸转化/node_modules/isarray': '/Users/ste/Documents/拼豆图纸转化/node_modules/.isarray-KZofGv7o',
330 silly reify   '/Users/ste/Documents/拼豆图纸转化/node_modules/iterator.prototype': '/Users/ste/Documents/拼豆图纸转化/node_modules/.iterator.prototype-wEHxNhyP',
330 silly reify   '/Users/ste/Documents/拼豆图纸转化/node_modules/jest-worker': '/Users/ste/Documents/拼豆图纸转化/node_modules/.jest-worker-zXXRl21x',
330 silly reify   '/Users/ste/Documents/拼豆图纸转化/node_modules/jiti': '/Users/ste/Documents/拼豆图纸转化/node_modules/.jiti-9KyUl0oP',
330 silly reify   '/Users/ste/Documents/拼豆图纸转化/node_modules/js-yaml': '/Users/ste/Documents/拼豆图纸转化/node_modules/.js-yaml-2J46ZRbl',
330 silly reify   '/Users/ste/Documents/拼豆图纸转化/node_modules/jsesc': '/Users/ste/Documents/拼豆图纸转化/node_modules/.jsesc-dtZMSBk6',
330 silly reify   '/Users/ste/Documents/拼豆图纸转化/node_modules/json5': '/Users/ste/Documents/拼豆图纸转化/node_modules/.json5-N8HnZRYj',
330 silly reify   '/Users/ste/Documents/拼豆图纸转化/node_modules/jsx-ast-utils': '/Users/ste/Documents/拼豆图纸转化/node_modules/.jsx-ast-utils-kdFpRUKH',
330 silly reify   '/Users/ste/Documents/拼豆图纸转化/node_modules/language-tags': '/Users/ste/Documents/拼豆图纸转化/node_modules/.language-tags-UejqIvkn',
330 silly reify   '/Users/ste/Documents/拼豆图纸转化/node_modules/language-subtag-registry': '/Users/ste/Documents/拼豆图纸转化/node_modules/.language-subtag-registry-VCFXr8T3',
330 silly reify   '/Users/ste/Documents/拼豆图纸转化/node_modules/lightningcss': '/Users/ste/Documents/拼豆图纸转化/node_modules/.lightningcss-XN9CFJYh',
330 silly reify   '/Users/ste/Documents/拼豆图纸转化/node_modules/lightningcss-darwin-arm64': '/Users/ste/Documents/拼豆图纸转化/node_modules/.lightningcss-darwin-arm64-xbO1NKrN',
330 silly reify   '/Users/ste/Documents/拼豆图纸转化/node_modules/linebreak': '/Users/ste/Documents/拼豆图纸转化/node_modules/.linebreak-V5VZnVJN',
330 silly reify   '/Users/ste/Documents/拼豆图纸转化/node_modules/loader-runner': '/Users/ste/Documents/拼豆图纸转化/node_modules/.loader-runner-4C8UkrvT',
330 silly reify   '/Users/ste/Documents/拼豆图纸转化/node_modules/loose-envify': '/Users/ste/Documents/拼豆图纸转化/node_modules/.loose-envify-7ASuktik',
330 silly reify   '/Users/ste/Documents/拼豆图纸转化/node_modules/magic-string': '/Users/ste/Documents/拼豆图纸转化/node_modules/.magic-string-FX5NGudx',
330 silly reify   '/Users/ste/Documents/拼豆图纸转化/node_modules/math-intrinsics': '/Users/ste/Documents/拼豆图纸转化/node_modules/.math-intrinsics-bR0Zb5QG',
330 silly reify   '/Users/ste/Documents/拼豆图纸转化/node_modules/miniflare': '/Users/ste/Documents/拼豆图纸转化/node_modules/.miniflare-4sxGgRSi',
330 silly reify   '/Users/ste/Documents/拼豆图纸转化/node_modules/minimist': '/Users/ste/Documents/拼豆图纸转化/node_modules/.minimist-qem9Amm8',
330 silly reify   '/Users/ste/Documents/拼豆图纸转化/node_modules/minimatch': '/Users/ste/Documents/拼豆图纸转化/node_modules/.minimatch-ogGZsZDr',
330 silly reify   '/Users/ste/Documents/拼豆图纸转化/node_modules/nanoid': '/Users/ste/Documents/拼豆图纸转化/node_modules/.nanoid-q3qzp9uo',
330 silly reify   '/Users/ste/Documents/拼豆图纸转化/node_modules/napi-postinstall': '/Users/ste/Documents/拼豆图纸转化/node_modules/.napi-postinstall-dtgIwzVX',
330 silly reify   '/Users/ste/Documents/拼豆图纸转化/node_modules/neo-async': '/Users/ste/Documents/拼豆图纸转化/node_modules/.neo-async-DjC9hbSl',
330 silly reify   '/Users/ste/Documents/拼豆图纸转化/node_modules/next': '/Users/ste/Documents/拼豆图纸转化/node_modules/.next-toKztx8a',
330 silly reify   '/Users/ste/Documents/拼豆图纸转化/node_modules/node-exports-info': '/Users/ste/Documents/拼豆图纸转化/node_modules/.node-exports-info-gYJ1T52Z',
330 silly reify   '/Users/ste/Documents/拼豆图纸转化/node_modules/node-releases': '/Users/ste/Documents/拼豆图纸转化/node_modules/.node-releases-1GRMf1si',
330 silly reify   '/Users/ste/Documents/拼豆图纸转化/node_modules/object-inspect': '/Users/ste/Documents/拼豆图纸转化/node_modules/.object-inspect-oZeG3V2j',
330 silly reify   '/Users/ste/Documents/拼豆图纸转化/node_modules/object-keys': '/Users/ste/Documents/拼豆图纸转化/node_modules/.object-keys-YFPfpx3I',
330 silly reify   '/Users/ste/Documents/拼豆图纸转化/node_modules/object.assign': '/Users/ste/Documents/拼豆图纸转化/node_modules/.object.assign-0PrTvBuj',
330 silly reify   '/Users/ste/Documents/拼豆图纸转化/node_modules/object.entries': '/Users/ste/Documents/拼豆图纸转化/node_modules/.object.entries-QWlW2pgF',
330 silly reify   '/Users/ste/Documents/拼豆图纸转化/node_modules/object.fromentries': '/Users/ste/Documents/拼豆图纸转化/node_modules/.object.fromentries-PwMuL9jT',
330 silly reify   '/Users/ste/Documents/拼豆图纸转化/node_modules/object.groupby': '/Users/ste/Documents/拼豆图纸转化/node_modules/.object.groupby-hXDPGJOV',
330 silly reify   '/Users/ste/Documents/拼豆图纸转化/node_modules/object.values': '/Users/ste/Documents/拼豆图纸转化/node_modules/.object.values-gpACNiFr',
330 silly reify   '/Users/ste/Documents/拼豆图纸转化/node_modules/own-keys': '/Users/ste/Documents/拼豆图纸转化/node_modules/.own-keys-THhKiq6i',
330 silly reify   '/Users/ste/Documents/拼豆图纸转化/node_modules/pako': '/Users/ste/Documents/拼豆图纸转化/node_modules/.pako-UHofcYgv',
330 silly reify   '/Users/ste/Documents/拼豆图纸转化/node_modules/parse-css-color': '/Users/ste/Documents/拼豆图纸转化/node_modules/.parse-css-color-ewVdCml7',
330 silly reify   '/Users/ste/Documents/拼豆图纸转化/node_modules/possible-typed-array-names': '/Users/ste/Documents/拼豆图纸转化/node_modules/.possible-typed-array-names-kFbXToDB',
330 silly reify   '/Users/ste/Documents/拼豆图纸转化/node_modules/picomatch': '/Users/ste/Documents/拼豆图纸转化/node_modules/.picomatch-OmWqI5Xy',
330 silly reify   '/Users/ste/Documents/拼豆图纸转化/node_modules/postcss': '/Users/ste/Documents/拼豆图纸转化/node_modules/.postcss-AFIcvX64',
330 silly reify   '/Users/ste/Documents/拼豆图纸转化/node_modules/prop-types': '/Users/ste/Documents/拼豆图纸转化/node_modules/.prop-types-2PuvRowl',
330 silly reify   '/Users/ste/Documents/拼豆图纸转化/node_modules/react': '/Users/ste/Documents/拼豆图纸转化/node_modules/.react-OTDxxgG2',
330 silly reify   '/Users/ste/Documents/拼豆图纸转化/node_modules/react-dom': '/Users/ste/Documents/拼豆图纸转化/node_modules/.react-dom-Y370Qnlf',
330 silly reify   '/Users/ste/Documents/拼豆图纸转化/node_modules/react-is': '/Users/ste/Documents/拼豆图纸转化/node_modules/.react-is-uXAmWPvS',
330 silly reify   '/Users/ste/Documents/拼豆图纸转化/node_modules/react-loading-skeleton': '/Users/ste/Documents/拼豆图纸转化/node_modules/.react-loading-skeleton-NsBPLCEO',
330 silly reify   '/Users/ste/Documents/拼豆图纸转化/node_modules/react-server-dom-webpack': '/Users/ste/Documents/拼豆图纸转化/node_modules/.react-server-dom-webpack-TqE6qpIO',
330 silly reify   '/Users/ste/Documents/拼豆图纸转化/node_modules/reflect.getprototypeof': '/Users/ste/Documents/拼豆图纸转化/node_modules/.reflect.getprototypeof-JpiHYqyZ',
330 silly reify   '/Users/ste/Documents/拼豆图纸转化/node_modules/regexp.prototype.flags': '/Users/ste/Documents/拼豆图纸转化/node_modules/.regexp.prototype.flags-WofUSehS',
330 silly reify   '/Users/ste/Documents/拼豆图纸转化/node_modules/require-from-string': '/Users/ste/Documents/拼豆图纸转化/node_modules/.require-from-string-GdYZA9fg',
330 silly reify   '/Users/ste/Documents/拼豆图纸转化/node_modules/resolve': '/Users/ste/Documents/拼豆图纸转化/node_modules/.resolve-krihNUmk',
330 silly reify   '/Users/ste/Documents/拼豆图纸转化/node_modules/resolve-pkg-maps': '/Users/ste/Documents/拼豆图纸转化/node_modules/.resolve-pkg-maps-hbSkFGS5',
330 silly reify   '/Users/ste/Documents/拼豆图纸转化/node_modules/safe-array-concat': '/Users/ste/Documents/拼豆图纸转化/node_modules/.safe-array-concat-dyNdmwaR',
330 silly reify   '/Users/ste/Documents/拼豆图纸转化/node_modules/safe-push-apply': '/Users/ste/Documents/拼豆图纸转化/node_modules/.safe-push-apply-2yVQ0yaQ',
330 silly reify   '/Users/ste/Documents/拼豆图纸转化/node_modules/safe-regex-test': '/Users/ste/Documents/拼豆图纸转化/node_modules/.safe-regex-test-aUaoLjpg',
330 silly reify   '/Users/ste/Documents/拼豆图纸转化/node_modules/rolldown': '/Users/ste/Documents/拼豆图纸转化/node_modules/.rolldown-iiYSv5mW',
330 silly reify   '/Users/ste/Documents/拼豆图纸转化/node_modules/satori': '/Users/ste/Documents/拼豆图纸转化/node_modules/.satori-CKw7ENW9',
330 silly reify   '/Users/ste/Documents/拼豆图纸转化/node_modules/schema-utils': '/Users/ste/Documents/拼豆图纸转化/node_modules/.schema-utils-DfjFwzjX',
330 silly reify   '/Users/ste/Documents/拼豆图纸转化/node_modules/semver': '/Users/ste/Documents/拼豆图纸转化/node_modules/.semver-5ilb0Q1R',
330 silly reify   '/Users/ste/Documents/拼豆图纸转化/node_modules/set-function-length': '/Users/ste/Documents/拼豆图纸转化/node_modules/.set-function-length-EKtS4XdS',
330 silly reify   '/Users/ste/Documents/拼豆图纸转化/node_modules/set-function-name': '/Users/ste/Documents/拼豆图纸转化/node_modules/.set-function-name-f2CORxGA',
330 silly reify   '/Users/ste/Documents/拼豆图纸转化/node_modules/set-proto': '/Users/ste/Documents/拼豆图纸转化/node_modules/.set-proto-8Cg7JNNF',
330 silly reify   '/Users/ste/Documents/拼豆图纸转化/node_modules/sharp': '/Users/ste/Documents/拼豆图纸转化/node_modules/.sharp-ZSyceeiL',
330 silly reify   '/Users/ste/Documents/拼豆图纸转化/node_modules/side-channel': '/Users/ste/Documents/拼豆图纸转化/node_modules/.side-channel-9falZvuZ',
330 silly reify   '/Users/ste/Documents/拼豆图纸转化/node_modules/side-channel-list': '/Users/ste/Documents/拼豆图纸转化/node_modules/.side-channel-list-af1YLXzS',
330 silly reify   '/Users/ste/Documents/拼豆图纸转化/node_modules/side-channel-map': '/Users/ste/Documents/拼豆图纸转化/node_modules/.side-channel-map-2UFAgicg',
330 silly reify   '/Users/ste/Documents/拼豆图纸转化/node_modules/side-channel-weakmap': '/Users/ste/Documents/拼豆图纸转化/node_modules/.side-channel-weakmap-DzS45VvB',
330 silly reify   '/Users/ste/Documents/拼豆图纸转化/node_modules/srvx': '/Users/ste/Documents/拼豆图纸转化/node_modules/.srvx-UYVyhpXJ',
330 silly reify   '/Users/ste/Documents/拼豆图纸转化/node_modules/stable-hash': '/Users/ste/Documents/拼豆图纸转化/node_modules/.stable-hash-KbXo5q0C',
330 silly reify   '/Users/ste/Documents/拼豆图纸转化/node_modules/stop-iteration-iterator': '/Users/ste/Documents/拼豆图纸转化/node_modules/.stop-iteration-iterator-sSkJezzz',
330 silly reify   '/Users/ste/Documents/拼豆图纸转化/node_modules/string.prototype.codepointat': '/Users/ste/Documents/拼豆图纸转化/node_modules/.string.prototype.codepointat-9VIJHmEP',
330 silly reify   '/Users/ste/Documents/拼豆图纸转化/node_modules/string.prototype.includes': '/Users/ste/Documents/拼豆图纸转化/node_modules/.string.prototype.includes-lyLTjG3H',
330 silly reify   '/Users/ste/Documents/拼豆图纸转化/node_modules/string.prototype.matchall': '/Users/ste/Documents/拼豆图纸转化/node_modules/.string.prototype.matchall-ZySHV11Z',
330 silly reify   '/Users/ste/Documents/拼豆图纸转化/node_modules/string.prototype.repeat': '/Users/ste/Documents/拼豆图纸转化/node_modules/.string.prototype.repeat-9vvxOygO',
330 silly reify   '/Users/ste/Documents/拼豆图纸转化/node_modules/string.prototype.trim': '/Users/ste/Documents/拼豆图纸转化/node_modules/.string.prototype.trim-qwMR18uO',
330 silly reify   '/Users/ste/Documents/拼豆图纸转化/node_modules/string.prototype.trimend': '/Users/ste/Documents/拼豆图纸转化/node_modules/.string.prototype.trimend-ooUSMZdr',
330 silly reify   '/Users/ste/Documents/拼豆图纸转化/node_modules/string.prototype.trimstart': '/Users/ste/Documents/拼豆图纸转化/node_modules/.string.prototype.trimstart-MlwLj65T',
330 silly reify   '/Users/ste/Documents/拼豆图纸转化/node_modules/strip-bom': '/Users/ste/Documents/拼豆图纸转化/node_modules/.strip-bom-cdmstUdE',
330 silly reify   '/Users/ste/Documents/拼豆图纸转化/node_modules/strip-literal': '/Users/ste/Documents/拼豆图纸转化/node_modules/.strip-literal-jAahyWeT',
330 silly reify   '/Users/ste/Documents/拼豆图纸转化/node_modules/styled-jsx': '/Users/ste/Documents/拼豆图纸转化/node_modules/.styled-jsx-z8FneUvf',
330 silly reify   '/Users/ste/Documents/拼豆图纸转化/node_modules/tailwindcss': '/Users/ste/Documents/拼豆图纸转化/node_modules/.tailwindcss-2Z45QUng',
330 silly reify   '/Users/ste/Documents/拼豆图纸转化/node_modules/tapable': '/Users/ste/Documents/拼豆图纸转化/node_modules/.tapable-yWwmdvUO',
330 silly reify   '/Users/ste/Documents/拼豆图纸转化/node_modules/terser': '/Users/ste/Documents/拼豆图纸转化/node_modules/.terser-a0tvSSeK',
330 silly reify   '/Users/ste/Documents/拼豆图纸转化/node_modules/terser-webpack-plugin': '/Users/ste/Documents/拼豆图纸转化/node_modules/.terser-webpack-plugin-jhVTIwGU',
330 silly reify   '/Users/ste/Documents/拼豆图纸转化/node_modules/tiny-inflate': '/Users/ste/Documents/拼豆图纸转化/node_modules/.tiny-inflate-kouMUlQj',
330 silly reify   '/Users/ste/Documents/拼豆图纸转化/node_modules/tinyglobby': '/Users/ste/Documents/拼豆图纸转化/node_modules/.tinyglobby-vNqi1Zvr',
330 silly reify   '/Users/ste/Documents/拼豆图纸转化/node_modules/ts-api-utils': '/Users/ste/Documents/拼豆图纸转化/node_modules/.ts-api-utils-VKb5ChWw',
330 silly reify   '/Users/ste/Documents/拼豆图纸转化/node_modules/tsconfck': '/Users/ste/Documents/拼豆图纸转化/node_modules/.tsconfck-tviMVP4O',
330 silly reify   '/Users/ste/Documents/拼豆图纸转化/node_modules/tsconfig-paths': '/Users/ste/Documents/拼豆图纸转化/node_modules/.tsconfig-paths-c1qDm85C',
330 silly reify   '/Users/ste/Documents/拼豆图纸转化/node_modules/tslib': '/Users/ste/Documents/拼豆图纸转化/node_modules/.tslib-DuKNlbR5',
330 silly reify   '/Users/ste/Documents/拼豆图纸转化/node_modules/tsx': '/Users/ste/Documents/拼豆图纸转化/node_modules/.tsx-aGNA5aDw',
330 silly reify   '/Users/ste/Documents/拼豆图纸转化/node_modules/turbo-stream': '/Users/ste/Documents/拼豆图纸转化/node_modules/.turbo-stream-2lqvsQuu',
330 silly reify   '/Users/ste/Documents/拼豆图纸转化/node_modules/typed-array-buffer': '/Users/ste/Documents/拼豆图纸转化/node_modules/.typed-array-buffer-tVpE3ll6',
330 silly reify   '/Users/ste/Documents/拼豆图纸转化/node_modules/typed-array-byte-length': '/Users/ste/Documents/拼豆图纸转化/node_modules/.typed-array-byte-length-CSqiojzz',
330 silly reify   '/Users/ste/Documents/拼豆图纸转化/node_modules/typed-array-byte-offset': '/Users/ste/Documents/拼豆图纸转化/node_modules/.typed-array-byte-offset-VWzo4cdA',
330 silly reify   '/Users/ste/Documents/拼豆图纸转化/node_modules/typed-array-length': '/Users/ste/Documents/拼豆图纸转化/node_modules/.typed-array-length-HclNKadZ',
330 silly reify   '/Users/ste/Documents/拼豆图纸转化/node_modules/typescript': '/Users/ste/Documents/拼豆图纸转化/node_modules/.typescript-4pSB73s6',
330 silly reify   '/Users/ste/Documents/拼豆图纸转化/node_modules/unbox-primitive': '/Users/ste/Documents/拼豆图纸转化/node_modules/.unbox-primitive-BMcNIdMr',
330 silly reify   '/Users/ste/Documents/拼豆图纸转化/node_modules/typescript-eslint': '/Users/ste/Documents/拼豆图纸转化/node_modules/.typescript-eslint-VwTiFsl1',
330 silly reify   '/Users/ste/Documents/拼豆图纸转化/node_modules/undici-types': '/Users/ste/Documents/拼豆图纸转化/node_modules/.undici-types-fsoN3r6Y',
330 silly reify   '/Users/ste/Documents/拼豆图纸转化/node_modules/unicode-trie': '/Users/ste/Documents/拼豆图纸转化/node_modules/.unicode-trie-YS4kcNCk',
330 silly reify   '/Users/ste/Documents/拼豆图纸转化/node_modules/unpic': '/Users/ste/Documents/拼豆图纸转化/node_modules/.unpic-RPBCZady',
330 silly reify   '/Users/ste/Documents/拼豆图纸转化/node_modules/unrs-resolver': '/Users/ste/Documents/拼豆图纸转化/node_modules/.unrs-resolver-Htn45aXM',
330 silly reify   '/Users/ste/Documents/拼豆图纸转化/node_modules/update-browserslist-db': '/Users/ste/Documents/拼豆图纸转化/node_modules/.update-browserslist-db-Q8bHvGUK',
330 silly reify   '/Users/ste/Documents/拼豆图纸转化/node_modules/vinext': '/Users/ste/Documents/拼豆图纸转化/node_modules/.vinext-GLbzgVDb',
330 silly reify   '/Users/ste/Documents/拼豆图纸转化/node_modules/vite': '/Users/ste/Documents/拼豆图纸转化/node_modules/.vite-u0Wff1ZD',
330 silly reify   '/Users/ste/Documents/拼豆图纸转化/node_modules/vite-plugin-commonjs': '/Users/ste/Documents/拼豆图纸转化/node_modules/.vite-plugin-commonjs-F7hlrrg0',
330 silly reify   '/Users/ste/Documents/拼豆图纸转化/node_modules/vite-plugin-dynamic-import': '/Users/ste/Documents/拼豆图纸转化/node_modules/.vite-plugin-dynamic-import-xht6Rx5S',
330 silly reify   '/Users/ste/Documents/拼豆图纸转化/node_modules/vite-tsconfig-paths': '/Users/ste/Documents/拼豆图纸转化/node_modules/.vite-tsconfig-paths-0cJ2xIno',
330 silly reify   '/Users/ste/Documents/拼豆图纸转化/node_modules/vitefu': '/Users/ste/Documents/拼豆图纸转化/node_modules/.vitefu-WS96gZB2',
330 silly reify   '/Users/ste/Documents/拼豆图纸转化/node_modules/watchpack': '/Users/ste/Documents/拼豆图纸转化/node_modules/.watchpack-BY9ZNcd6',
330 silly reify   '/Users/ste/Documents/拼豆图纸转化/node_modules/web-vitals': '/Users/ste/Documents/拼豆图纸转化/node_modules/.web-vitals-m3WdwtrU',
330 silly reify   '/Users/ste/Documents/拼豆图纸转化/node_modules/webpack': '/Users/ste/Documents/拼豆图纸转化/node_modules/.webpack-vlLcietX',
330 silly reify   '/Users/ste/Documents/拼豆图纸转化/node_modules/webpack-sources': '/Users/ste/Documents/拼豆图纸转化/node_modules/.webpack-sources-15Cppnh3',
330 silly reify   '/Users/ste/Documents/拼豆图纸转化/node_modules/which': '/Users/ste/Documents/拼豆图纸转化/node_modules/.which-emi8kIBI',
330 silly reify   '/Users/ste/Documents/拼豆图纸转化/node_modules/which-boxed-primitive': '/Users/ste/Documents/拼豆图纸转化/node_modules/.which-boxed-primitive-x694ja0s',
330 silly reify   '/Users/ste/Documents/拼豆图纸转化/node_modules/which-builtin-type': '/Users/ste/Documents/拼豆图纸转化/node_modules/.which-builtin-type-8ctPiR9L',
330 silly reify   '/Users/ste/Documents/拼豆图纸转化/node_modules/which-collection': '/Users/ste/Documents/拼豆图纸转化/node_modules/.which-collection-htgmhHpP',
330 silly reify   '/Users/ste/Documents/拼豆图纸转化/node_modules/which-typed-array': '/Users/ste/Documents/拼豆图纸转化/node_modules/.which-typed-array-309h2yWw',
330 silly reify   '/Users/ste/Documents/拼豆图纸转化/node_modules/workerd': '/Users/ste/Documents/拼豆图纸转化/node_modules/.workerd-fRT1VhMu',
330 silly reify   '/Users/ste/Documents/拼豆图纸转化/node_modules/wrangler': '/Users/ste/Documents/拼豆图纸转化/node_modules/.wrangler-swHezZgR',
330 silly reify   '/Users/ste/Documents/拼豆图纸转化/node_modules/yoga-layout': '/Users/ste/Documents/拼豆图纸转化/node_modules/.yoga-layout-bKeRT8Yd',
330 silly reify   '/Users/ste/Documents/拼豆图纸转化/node_modules/zod': '/Users/ste/Documents/拼豆图纸转化/node_modules/.zod-9Doc4fmG',
330 silly reify   '/Users/ste/Documents/拼豆图纸转化/node_modules/@babel/compat-data': '/Users/ste/Documents/拼豆图纸转化/node_modules/@babel/.compat-data-NTRp96yz',
330 silly reify   '/Users/ste/Documents/拼豆图纸转化/node_modules/@babel/helpers': '/Users/ste/Documents/拼豆图纸转化/node_modules/@babel/.helpers-nOIKfrnC',
330 silly reify   '/Users/ste/Documents/拼豆图纸转化/node_modules/@babel/parser': '/Users/ste/Documents/拼豆图纸转化/node_modules/@babel/.parser-0BTgYUD9',
330 silly reify   '/Users/ste/Documents/拼豆图纸转化/node_modules/@cloudflare/vite-plugin': '/Users/ste/Documents/拼豆图纸转化/node_modules/@cloudflare/.vite-plugin-lXiFrWPM',
330 silly reify   '/Users/ste/Documents/拼豆图纸转化/node_modules/@cloudflare/workerd-darwin-arm64': '/Users/ste/Documents/拼豆图纸转化/node_modules/@cloudflare/.workerd-darwin-arm64-bYPNS2Fj',
330 silly reify   '/Users/ste/Documents/拼豆图纸转化/node_modules/@drizzle-team/brocli': '/Users/ste/Documents/拼豆图纸转化/node_modules/@drizzle-team/.brocli-7uq5BBQx',
330 silly reify   '/Users/ste/Documents/拼豆图纸转化/node_modules/@emnapi/core': '/Users/ste/Documents/拼豆图纸转化/node_modules/@emnapi/.core-KYmdOyPG',
330 silly reify   '/Users/ste/Documents/拼豆图纸转化/node_modules/@emnapi/runtime': '/Users/ste/Documents/拼豆图纸转化/node_modules/@emnapi/.runtime-eB5woeVk',
330 silly reify   '/Users/ste/Documents/拼豆图纸转化/node_modules/@emnapi/wasi-threads': '/Users/ste/Documents/拼豆图纸转化/node_modules/@emnapi/.wasi-threads-fOboVgDU',
330 silly reify   '/Users/ste/Documents/拼豆图纸转化/node_modules/@esbuild/darwin-arm64': '/Users/ste/Documents/拼豆图纸转化/node_modules/@esbuild/.darwin-arm64-KqJYtPFw',
330 silly reify   '/Users/ste/Documents/拼豆图纸转化/node_modules/@esbuild-kit/esm-loader': '/Users/ste/Documents/拼豆图纸转化/node_modules/@esbuild-kit/.esm-loader-wlcG7UXe',
330 silly reify   '/Users/ste/Documents/拼豆图纸转化/node_modules/@esbuild-kit/core-utils': '/Users/ste/Documents/拼豆图纸转化/node_modules/@esbuild-kit/.core-utils-Z7wGpkbi',
330 silly reify   '/Users/ste/Documents/拼豆图纸转化/node_modules/@eslint/config-array': '/Users/ste/Documents/拼豆图纸转化/node_modules/@eslint/.config-array-nxB2vNB1',
330 silly reify   '/Users/ste/Documents/拼豆图纸转化/node_modules/@eslint/eslintrc': '/Users/ste/Documents/拼豆图纸转化/node_modules/@eslint/.eslintrc-j87pvqnW',
330 silly reify   '/Users/ste/Documents/拼豆图纸转化/node_modules/@eslint/js': '/Users/ste/Documents/拼豆图纸转化/node_modules/@eslint/.js-L0Myk4Ka',
330 silly reify   '/Users/ste/Documents/拼豆图纸转化/node_modules/@humanfs/core': '/Users/ste/Documents/拼豆图纸转化/node_modules/@humanfs/.core-KCfkpUuD',
330 silly reify   '/Users/ste/Documents/拼豆图纸转化/node_modules/@humanfs/types': '/Users/ste/Documents/拼豆图纸转化/node_modules/@humanfs/.types-YrEwzilU',
330 silly reify   '/Users/ste/Documents/拼豆图纸转化/node_modules/@humanfs/node': '/Users/ste/Documents/拼豆图纸转化/node_modules/@humanfs/.node-ZmebTvEa',
330 silly reify   '/Users/ste/Documents/拼豆图纸转化/node_modules/@img/colour': '/Users/ste/Documents/拼豆图纸转化/node_modules/@img/.colour-MGYoc2hO',
330 silly reify   '/Users/ste/Documents/拼豆图纸转化/node_modules/@img/sharp-darwin-arm64': '/Users/ste/Documents/拼豆图纸转化/node_modules/@img/.sharp-darwin-arm64-RGYMCTLg',
330 silly reify   '/Users/ste/Documents/拼豆图纸转化/node_modules/@img/sharp-libvips-darwin-arm64': '/Users/ste/Documents/拼豆图纸转化/node_modules/@img/.sharp-libvips-darwin-arm64-oBKOQWKq',
330 silly reify   '/Users/ste/Documents/拼豆图纸转化/node_modules/@next/env': '/Users/ste/Documents/拼豆图纸转化/node_modules/@next/.env-EtAVho0R',
330 silly reify   '/Users/ste/Documents/拼豆图纸转化/node_modules/@next/eslint-plugin-next': '/Users/ste/Documents/拼豆图纸转化/node_modules/@next/.eslint-plugin-next-jU9zJpFN',
330 silly reify   '/Users/ste/Documents/拼豆图纸转化/node_modules/@next/swc-darwin-arm64': '/Users/ste/Documents/拼豆图纸转化/node_modules/@next/.swc-darwin-arm64-OikaWKHc',
330 silly reify   '/Users/ste/Documents/拼豆图纸转化/node_modules/@nolyfill/is-core-module': '/Users/ste/Documents/拼豆图纸转化/node_modules/@nolyfill/.is-core-module-SXucVt3h',
330 silly reify   '/Users/ste/Documents/拼豆图纸转化/node_modules/@oxc-project/types': '/Users/ste/Documents/拼豆图纸转化/node_modules/@oxc-project/.types-CpVRq1Sf',
330 silly reify   '/Users/ste/Documents/拼豆图纸转化/node_modules/@resvg/resvg-wasm': '/Users/ste/Documents/拼豆图纸转化/node_modules/@resvg/.resvg-wasm-6jgRDusW',
330 silly reify   '/Users/ste/Documents/拼豆图纸转化/node_modules/@rolldown/binding-darwin-arm64': '/Users/ste/Documents/拼豆图纸转化/node_modules/@rolldown/.binding-darwin-arm64-m9JU7GN3',
330 silly reify   '/Users/ste/Documents/拼豆图纸转化/node_modules/@rolldown/pluginutils': '/Users/ste/Documents/拼豆图纸转化/node_modules/@rolldown/.pluginutils-htpNvcXA',
330 silly reify   '/Users/ste/Documents/拼豆图纸转化/node_modules/@rtsao/scc': '/Users/ste/Documents/拼豆图纸转化/node_modules/@rtsao/.scc-q4M4iSLV',
330 silly reify   '/Users/ste/Documents/拼豆图纸转化/node_modules/@swc/helpers': '/Users/ste/Documents/拼豆图纸转化/node_modules/@swc/.helpers-4OgcRnD2',
330 silly reify   '/Users/ste/Documents/拼豆图纸转化/node_modules/@types/eslint': '/Users/ste/Documents/拼豆图纸转化/node_modules/@types/.eslint-stVcihTB',
330 silly reify   '/Users/ste/Documents/拼豆图纸转化/node_modules/@shuding/opentype.js': '/Users/ste/Documents/拼豆图纸转化/node_modules/@shuding/.opentype.js-oA74MvIt',
330 silly reify   '/Users/ste/Documents/拼豆图纸转化/node_modules/@tybys/wasm-util': '/Users/ste/Documents/拼豆图纸转化/node_modules/@tybys/.wasm-util-UQqDzMcj',
330 silly reify   '/Users/ste/Documents/拼豆图纸转化/node_modules/@types/eslint-scope': '/Users/ste/Documents/拼豆图纸转化/node_modules/@types/.eslint-scope-5NU0GKUH',
330 silly reify   '/Users/ste/Documents/拼豆图纸转化/node_modules/@types/node': '/Users/ste/Documents/拼豆图纸转化/node_modules/@types/.node-DXaWYZ6M',
330 silly reify   '/Users/ste/Documents/拼豆图纸转化/node_modules/@types/json5': '/Users/ste/Documents/拼豆图纸转化/node_modules/@types/.json5-HIIK5ZQK',
330 silly reify   '/Users/ste/Documents/拼豆图纸转化/node_modules/@tailwindcss/node': '/Users/ste/Documents/拼豆图纸转化/node_modules/@tailwindcss/.node-4UOUuMC3',
330 silly reify   '/Users/ste/Documents/拼豆图纸转化/node_modules/@tailwindcss/oxide': '/Users/ste/Documents/拼豆图纸转化/node_modules/@tailwindcss/.oxide-Tza8GGYL',
330 silly reify   '/Users/ste/Documents/拼豆图纸转化/node_modules/@tailwindcss/oxide-darwin-arm64': '/Users/ste/Documents/拼豆图纸转化/node_modules/@tailwindcss/.oxide-darwin-arm64-JlTfjGj3',
330 silly reify   '/Users/ste/Documents/拼豆图纸转化/node_modules/@tailwindcss/postcss': '/Users/ste/Documents/拼豆图纸转化/node_modules/@tailwindcss/.postcss-gtPPzM4t',
330 silly reify   '/Users/ste/Documents/拼豆图纸转化/node_modules/@typescript-eslint/eslint-plugin': '/Users/ste/Documents/拼豆图纸转化/node_modules/@typescript-eslint/.eslint-plugin-b2d353IE',
330 silly reify   '/Users/ste/Documents/拼豆图纸转化/node_modules/@typescript-eslint/parser': '/Users/ste/Documents/拼豆图纸转化/node_modules/@typescript-eslint/.parser-M4YFail4',
330 silly reify   '/Users/ste/Documents/拼豆图纸转化/node_modules/@typescript-eslint/project-service': '/Users/ste/Documents/拼豆图纸转化/node_modules/@typescript-eslint/.project-service-ynXok7nW',
330 silly reify   '/Users/ste/Documents/拼豆图纸转化/node_modules/@typescript-eslint/scope-manager': '/Users/ste/Documents/拼豆图纸转化/node_modules/@typescript-eslint/.scope-manager-kvUead1o',
330 silly reify   '/Users/ste/Documents/拼豆图纸转化/node_modules/@typescript-eslint/tsconfig-utils': '/Users/ste/Documents/拼豆图纸转化/node_modules/@typescript-eslint/.tsconfig-utils-7nrdEIpD',
330 silly reify   '/Users/ste/Documents/拼豆图纸转化/node_modules/@typescript-eslint/type-utils': '/Users/ste/Documents/拼豆图纸转化/node_modules/@typescript-eslint/.type-utils-BWLHu8rG',
330 silly reify   '/Users/ste/Documents/拼豆图纸转化/node_modules/@typescript-eslint/types': '/Users/ste/Documents/拼豆图纸转化/node_modules/@typescript-eslint/.types-T9wUTDQa',
330 silly reify   '/Users/ste/Documents/拼豆图纸转化/node_modules/@typescript-eslint/typescript-estree': '/Users/ste/Documents/拼豆图纸转化/node_modules/@typescript-eslint/.typescript-estree-ND8ImqUb',
330 silly reify   '/Users/ste/Documents/拼豆图纸转化/node_modules/@typescript-eslint/utils': '/Users/ste/Documents/拼豆图纸转化/node_modules/@typescript-eslint/.utils-ma7Mf7C0',
330 silly reify   '/Users/ste/Documents/拼豆图纸转化/node_modules/@typescript-eslint/visitor-keys': '/Users/ste/Documents/拼豆图纸转化/node_modules/@typescript-eslint/.visitor-keys-rqPCDAKw',
330 silly reify   '/Users/ste/Documents/拼豆图纸转化/node_modules/@unpic/core': '/Users/ste/Documents/拼豆图纸转化/node_modules/@unpic/.core-S5Kfboku',
330 silly reify   '/Users/ste/Documents/拼豆图纸转化/node_modules/@unpic/react': '/Users/ste/Documents/拼豆图纸转化/node_modules/@unpic/.react-Zd7SVAoB',
330 silly reify   '/Users/ste/Documents/拼豆图纸转化/node_modules/@unrs/resolver-binding-darwin-arm64': '/Users/ste/Documents/拼豆图纸转化/node_modules/@unrs/.resolver-binding-darwin-arm64-fCcfCJku',
330 silly reify   '/Users/ste/Documents/拼豆图纸转化/node_modules/@vercel/og': '/Users/ste/Documents/拼豆图纸转化/node_modules/@vercel/.og-7PwMOhul',
330 silly reify   '/Users/ste/Documents/拼豆图纸转化/node_modules/@vitejs/plugin-react': '/Users/ste/Documents/拼豆图纸转化/node_modules/@vitejs/.plugin-react-2GtgK0C9',
330 silly reify   '/Users/ste/Documents/拼豆图纸转化/node_modules/@vitejs/plugin-rsc': '/Users/ste/Documents/拼豆图纸转化/node_modules/@vitejs/.plugin-rsc-mWciu3rG',
330 silly reify   '/Users/ste/Documents/拼豆图纸转化/node_modules/@webassemblyjs/ast': '/Users/ste/Documents/拼豆图纸转化/node_modules/@webassemblyjs/.ast-UqNzABgr',
330 silly reify   '/Users/ste/Documents/拼豆图纸转化/node_modules/@webassemblyjs/helper-api-error': '/Users/ste/Documents/拼豆图纸转化/node_modules/@webassemblyjs/.helper-api-error-tWmq68wU',
330 silly reify   '/Users/ste/Documents/拼豆图纸转化/node_modules/@webassemblyjs/floating-point-hex-parser': '/Users/ste/Documents/拼豆图纸转化/node_modules/@webassemblyjs/.floating-point-hex-parser-0K3crZ41',
330 silly reify   '/Users/ste/Documents/拼豆图纸转化/node_modules/@webassemblyjs/helper-buffer': '/Users/ste/Documents/拼豆图纸转化/node_modules/@webassemblyjs/.helper-buffer-yooy95YO',
330 silly reify   '/Users/ste/Documents/拼豆图纸转化/node_modules/@webassemblyjs/helper-wasm-bytecode': '/Users/ste/Documents/拼豆图纸转化/node_modules/@webassemblyjs/.helper-wasm-bytecode-sVP8oacs',
330 silly reify   '/Users/ste/Documents/拼豆图纸转化/node_modules/@webassemblyjs/helper-numbers': '/Users/ste/Documents/拼豆图纸转化/node_modules/@webassemblyjs/.helper-numbers-fS6q91g2',
330 silly reify   '/Users/ste/Documents/拼豆图纸转化/node_modules/@webassemblyjs/ieee754': '/Users/ste/Documents/拼豆图纸转化/node_modules/@webassemblyjs/.ieee754-5tckxS0F',
330 silly reify   '/Users/ste/Documents/拼豆图纸转化/node_modules/@webassemblyjs/helper-wasm-section': '/Users/ste/Documents/拼豆图纸转化/node_modules/@webassemblyjs/.helper-wasm-section-RcNCzApR',
330 silly reify   '/Users/ste/Documents/拼豆图纸转化/node_modules/@webassemblyjs/leb128': '/Users/ste/Documents/拼豆图纸转化/node_modules/@webassemblyjs/.leb128-l27L4vgx',
330 silly reify   '/Users/ste/Documents/拼豆图纸转化/node_modules/@webassemblyjs/utf8': '/Users/ste/Documents/拼豆图纸转化/node_modules/@webassemblyjs/.utf8-2i1ZpLU3',
330 silly reify   '/Users/ste/Documents/拼豆图纸转化/node_modules/@webassemblyjs/wasm-edit': '/Users/ste/Documents/拼豆图纸转化/node_modules/@webassemblyjs/.wasm-edit-smNTYPsK',
330 silly reify   '/Users/ste/Documents/拼豆图纸转化/node_modules/@webassemblyjs/wasm-gen': '/Users/ste/Documents/拼豆图纸转化/node_modules/@webassemblyjs/.wasm-gen-eIJMeX21',
330 silly reify   '/Users/ste/Documents/拼豆图纸转化/node_modules/@webassemblyjs/wasm-opt': '/Users/ste/Documents/拼豆图纸转化/node_modules/@webassemblyjs/.wasm-opt-D0ErGqB8',
330 silly reify   '/Users/ste/Documents/拼豆图纸转化/node_modules/@webassemblyjs/wasm-parser': '/Users/ste/Documents/拼豆图纸转化/node_modules/@webassemblyjs/.wasm-parser-BaHIIXNm',
330 silly reify   '/Users/ste/Documents/拼豆图纸转化/node_modules/@webassemblyjs/wast-printer': '/Users/ste/Documents/拼豆图纸转化/node_modules/@webassemblyjs/.wast-printer-4NNGdznx',
330 silly reify   '/Users/ste/Documents/拼豆图纸转化/node_modules/@xtuc/ieee754': '/Users/ste/Documents/拼豆图纸转化/node_modules/@xtuc/.ieee754-iWVLLqNf',
330 silly reify   '/Users/ste/Documents/拼豆图纸转化/node_modules/@xtuc/long': '/Users/ste/Documents/拼豆图纸转化/node_modules/@xtuc/.long-fZPWecVw'
330 silly reify }
331 silly audit bulk request {
331 silly audit   '@alloc/quick-lru': [ '5.2.0' ],
331 silly audit   '@babel/code-frame': [ '7.29.0' ],
331 silly audit   '@babel/compat-data': [ '7.29.3' ],
331 silly audit   '@babel/core': [ '7.29.0' ],
331 silly audit   '@babel/generator': [ '7.29.1' ],
331 silly audit   '@babel/helper-compilation-targets': [ '7.28.6' ],
331 silly audit   '@babel/helper-globals': [ '7.28.0' ],
331 silly audit   '@babel/helper-module-imports': [ '7.28.6' ],
331 silly audit   '@babel/helper-module-transforms': [ '7.28.6' ],
331 silly audit   '@babel/helper-string-parser': [ '7.27.1' ],
331 silly audit   '@babel/helper-validator-identifier': [ '7.28.5' ],
331 silly audit   '@babel/helper-validator-option': [ '7.27.1' ],
331 silly audit   '@babel/helpers': [ '7.29.2' ],
331 silly audit   '@babel/parser': [ '7.29.3' ],
331 silly audit   '@babel/template': [ '7.28.6' ],
331 silly audit   '@babel/traverse': [ '7.29.0' ],
331 silly audit   '@babel/types': [ '7.29.0' ],
331 silly audit   '@cloudflare/kv-asset-handler': [ '0.5.0' ],
331 silly audit   '@cloudflare/unenv-preset': [ '2.16.1' ],
331 silly audit   '@cloudflare/vite-plugin': [ '1.37.1' ],
331 silly audit   '@cloudflare/workerd-darwin-64': [ '1.20260515.1' ],
331 silly audit   '@cloudflare/workerd-darwin-arm64': [ '1.20260515.1' ],
331 silly audit   '@cloudflare/workerd-linux-64': [ '1.20260515.1' ],
331 silly audit   '@cloudflare/workerd-linux-arm64': [ '1.20260515.1' ],
331 silly audit   '@cloudflare/workerd-windows-64': [ '1.20260515.1' ],
331 silly audit   '@cspotcode/source-map-support': [ '0.8.1' ],
331 silly audit   '@jridgewell/trace-mapping': [ '0.3.9', '0.3.31' ],
331 silly audit   '@drizzle-team/brocli': [ '0.10.2' ],
331 silly audit   '@emnapi/core': [ '1.10.0', '1.8.1' ],
331 silly audit   '@emnapi/runtime': [ '1.10.0', '1.8.1' ],
331 silly audit   '@emnapi/wasi-threads': [ '1.2.1', '1.1.0' ],
331 silly audit   '@esbuild-kit/core-utils': [ '3.3.2' ],
331 silly audit   '@esbuild/android-arm': [ '0.18.20', '0.28.0', '0.25.12', '0.27.3' ],
331 silly audit   '@esbuild/android-arm64': [ '0.18.20', '0.28.0', '0.25.12', '0.27.3' ],
331 silly audit   '@esbuild/android-x64': [ '0.18.20', '0.28.0', '0.25.12', '0.27.3' ],
331 silly audit   '@esbuild/darwin-arm64': [ '0.18.20', '0.28.0', '0.25.12', '0.27.3' ],
331 silly audit   '@esbuild/darwin-x64': [ '0.18.20', '0.28.0', '0.25.12', '0.27.3' ],
331 silly audit   '@esbuild/freebsd-arm64': [ '0.18.20', '0.28.0', '0.25.12', '0.27.3' ],
331 silly audit   '@esbuild/freebsd-x64': [ '0.18.20', '0.28.0', '0.25.12', '0.27.3' ],
331 silly audit   '@esbuild/linux-arm': [ '0.18.20', '0.28.0', '0.25.12', '0.27.3' ],
331 silly audit   '@esbuild/linux-arm64': [ '0.18.20', '0.28.0', '0.25.12', '0.27.3' ],
331 silly audit   '@esbuild/linux-ia32': [ '0.18.20', '0.28.0', '0.25.12', '0.27.3' ],
331 silly audit   '@esbuild/linux-loong64': [ '0.18.20', '0.28.0', '0.25.12', '0.27.3' ],
331 silly audit   '@esbuild/linux-mips64el': [ '0.18.20', '0.28.0', '0.25.12', '0.27.3' ],
331 silly audit   '@esbuild/linux-ppc64': [ '0.18.20', '0.28.0', '0.25.12', '0.27.3' ],
331 silly audit   '@esbuild/linux-riscv64': [ '0.18.20', '0.28.0', '0.25.12', '0.27.3' ],
331 silly audit   '@esbuild/linux-s390x': [ '0.18.20', '0.28.0', '0.25.12', '0.27.3' ],
331 silly audit   '@esbuild/linux-x64': [ '0.18.20', '0.28.0', '0.25.12', '0.27.3' ],
331 silly audit   '@esbuild/netbsd-x64': [ '0.18.20', '0.28.0', '0.25.12', '0.27.3' ],
331 silly audit   '@esbuild/openbsd-x64': [ '0.18.20', '0.28.0', '0.25.12', '0.27.3' ],
331 silly audit   '@esbuild/sunos-x64': [ '0.18.20', '0.28.0', '0.25.12', '0.27.3' ],
331 silly audit   '@esbuild/win32-arm64': [ '0.18.20', '0.28.0', '0.25.12', '0.27.3' ],
331 silly audit   '@esbuild/win32-ia32': [ '0.18.20', '0.28.0', '0.25.12', '0.27.3' ],
331 silly audit   '@esbuild/win32-x64': [ '0.18.20', '0.28.0', '0.25.12', '0.27.3' ],
331 silly audit   esbuild: [ '0.18.20', '0.25.12', '0.28.0', '0.27.3' ],
331 silly audit   '@esbuild-kit/esm-loader': [ '2.6.5' ],
331 silly audit   '@esbuild/aix-ppc64': [ '0.28.0', '0.25.12', '0.27.3' ],
331 silly audit   '@esbuild/netbsd-arm64': [ '0.28.0', '0.25.12', '0.27.3' ],
331 silly audit   '@esbuild/openbsd-arm64': [ '0.28.0', '0.25.12', '0.27.3' ],
331 silly audit   '@esbuild/openharmony-arm64': [ '0.28.0', '0.25.12', '0.27.3' ],
331 silly audit   '@eslint-community/eslint-utils': [ '4.9.1' ],
331 silly audit   'eslint-visitor-keys': [ '3.4.3', '5.0.1', '4.2.1' ],
331 silly audit   '@eslint-community/regexpp': [ '4.12.2' ],
331 silly audit   '@eslint/config-array': [ '0.21.2' ],
331 silly audit   '@eslint/config-helpers': [ '0.4.2' ],
331 silly audit   '@eslint/core': [ '0.17.0' ],
331 silly audit   '@eslint/eslintrc': [ '3.3.5' ],
331 silly audit   '@eslint/js': [ '9.39.4' ],
331 silly audit   '@eslint/object-schema': [ '2.1.7' ],
331 silly audit   '@eslint/plugin-kit': [ '0.4.1' ],
331 silly audit   '@humanfs/core': [ '0.19.2' ],
331 silly audit   '@humanfs/node': [ '0.16.8' ],
331 silly audit   '@humanfs/types': [ '0.15.0' ],
331 silly audit   '@humanwhocodes/module-importer': [ '1.0.1' ],
331 silly audit   '@humanwhocodes/retry': [ '0.4.3' ],
331 silly audit   '@img/colour': [ '1.1.0' ],
331 silly audit   '@img/sharp-darwin-arm64': [ '0.34.5' ],
331 silly audit   '@img/sharp-darwin-x64': [ '0.34.5' ],
331 silly audit   '@img/sharp-libvips-darwin-arm64': [ '1.2.4' ],
331 silly audit   '@img/sharp-libvips-darwin-x64': [ '1.2.4' ],
331 silly audit   '@img/sharp-libvips-linux-arm': [ '1.2.4' ],
331 silly audit   '@img/sharp-libvips-linux-arm64': [ '1.2.4' ],
331 silly audit   '@img/sharp-libvips-linux-ppc64': [ '1.2.4' ],
331 silly audit   '@img/sharp-libvips-linux-riscv64': [ '1.2.4' ],
331 silly audit   '@img/sharp-libvips-linux-s390x': [ '1.2.4' ],
331 silly audit   '@img/sharp-libvips-linux-x64': [ '1.2.4' ],
331 silly audit   '@img/sharp-libvips-linuxmusl-arm64': [ '1.2.4' ],
331 silly audit   '@img/sharp-libvips-linuxmusl-x64': [ '1.2.4' ],
331 silly audit   '@img/sharp-linux-arm': [ '0.34.5' ],
331 silly audit   '@img/sharp-linux-arm64': [ '0.34.5' ],
331 silly audit   '@img/sharp-linux-ppc64': [ '0.34.5' ],
331 silly audit   '@img/sharp-linux-riscv64': [ '0.34.5' ],
331 silly audit   '@img/sharp-linux-s390x': [ '0.34.5' ],
331 silly audit   '@img/sharp-linux-x64': [ '0.34.5' ],
331 silly audit   '@img/sharp-linuxmusl-arm64': [ '0.34.5' ],
331 silly audit   '@img/sharp-linuxmusl-x64': [ '0.34.5' ],
331 silly audit   '@img/sharp-wasm32': [ '0.34.5' ],
331 silly audit   '@img/sharp-win32-arm64': [ '0.34.5' ],
331 silly audit   '@img/sharp-win32-ia32': [ '0.34.5' ],
331 silly audit   '@img/sharp-win32-x64': [ '0.34.5' ],
331 silly audit   '@jridgewell/gen-mapping': [ '0.3.13' ],
331 silly audit   '@jridgewell/remapping': [ '2.3.5' ],
331 silly audit   '@jridgewell/resolve-uri': [ '3.1.2' ],
331 silly audit   '@jridgewell/source-map': [ '0.3.11' ],
331 silly audit   '@jridgewell/sourcemap-codec': [ '1.5.5' ],
331 silly audit   '@napi-rs/wasm-runtime': [ '0.2.12', '1.1.4', '1.1.1' ],
331 silly audit   '@next/env': [ '16.2.6' ],
331 silly audit   '@next/eslint-plugin-next': [ '16.2.6' ],
331 silly audit   '@next/swc-darwin-arm64': [ '16.2.6' ],
331 silly audit   '@next/swc-darwin-x64': [ '16.2.6' ],
331 silly audit   '@next/swc-linux-arm64-gnu': [ '16.2.6' ],
331 silly audit   '@next/swc-linux-arm64-musl': [ '16.2.6' ],
331 silly audit   '@next/swc-linux-x64-gnu': [ '16.2.6' ],
331 silly audit   '@next/swc-linux-x64-musl': [ '16.2.6' ],
331 silly audit   '@next/swc-win32-arm64-msvc': [ '16.2.6' ],
331 silly audit   '@next/swc-win32-x64-msvc': [ '16.2.6' ],
331 silly audit   '@nodelib/fs.scandir': [ '2.1.5' ],
331 silly audit   '@nodelib/fs.stat': [ '2.0.5' ],
331 silly audit   '@nodelib/fs.walk': [ '1.2.8' ],
331 silly audit   '@nolyfill/is-core-module': [ '1.0.39' ],
331 silly audit   '@oxc-project/types': [ '0.130.0' ],
331 silly audit   '@poppinss/colors': [ '4.1.6' ],
331 silly audit   '@poppinss/dumper': [ '0.6.5' ],
331 silly audit   'supports-color': [ '10.2.2', '8.1.1', '7.2.0' ],
331 silly audit   '@poppinss/exception': [ '1.2.3' ],
331 silly audit   '@resvg/resvg-wasm': [ '2.4.0' ],
331 silly audit   '@rolldown/binding-android-arm64': [ '1.0.1' ],
331 silly audit   '@rolldown/binding-darwin-arm64': [ '1.0.1' ],
331 silly audit   '@rolldown/binding-darwin-x64': [ '1.0.1' ],
331 silly audit   '@rolldown/binding-freebsd-x64': [ '1.0.1' ],
331 silly audit   '@rolldown/binding-linux-arm-gnueabihf': [ '1.0.1' ],
331 silly audit   '@rolldown/binding-linux-arm64-gnu': [ '1.0.1' ],
331 silly audit   '@rolldown/binding-linux-arm64-musl': [ '1.0.1' ],
331 silly audit   '@rolldown/binding-linux-ppc64-gnu': [ '1.0.1' ],
331 silly audit   '@rolldown/binding-linux-s390x-gnu': [ '1.0.1' ],
331 silly audit   '@rolldown/binding-linux-x64-gnu': [ '1.0.1' ],
331 silly audit   '@rolldown/binding-linux-x64-musl': [ '1.0.1' ],
331 silly audit   '@rolldown/binding-openharmony-arm64': [ '1.0.1' ],
331 silly audit   '@rolldown/binding-wasm32-wasi': [ '1.0.1' ],
331 silly audit   '@rolldown/binding-win32-arm64-msvc': [ '1.0.1' ],
331 silly audit   '@rolldown/binding-win32-x64-msvc': [ '1.0.1' ],
331 silly audit   '@rolldown/pluginutils': [ '1.0.1', '1.0.0-rc.18' ],
331 silly audit   '@rtsao/scc': [ '1.1.0' ],
331 silly audit   '@shuding/opentype.js': [ '1.4.0-beta.0' ],
331 silly audit   '@sindresorhus/is': [ '7.2.0' ],
331 silly audit   '@speed-highlight/core': [ '1.2.15' ],
331 silly audit   '@swc/helpers': [ '0.5.15' ],
331 silly audit   '@tailwindcss/node': [ '4.2.1' ],
331 silly audit   '@tailwindcss/oxide': [ '4.2.1' ],
331 silly audit   '@tailwindcss/oxide-android-arm64': [ '4.2.1' ],
331 silly audit   '@tailwindcss/oxide-darwin-arm64': [ '4.2.1' ],
331 silly audit   '@tailwindcss/oxide-darwin-x64': [ '4.2.1' ],
331 silly audit   '@tailwindcss/oxide-freebsd-x64': [ '4.2.1' ],
331 silly audit   '@tailwindcss/oxide-linux-arm-gnueabihf': [ '4.2.1' ],
331 silly audit   '@tailwindcss/oxide-linux-arm64-gnu': [ '4.2.1' ],
331 silly audit   '@tailwindcss/oxide-linux-arm64-musl': [ '4.2.1' ],
331 silly audit   '@tailwindcss/oxide-linux-x64-gnu': [ '4.2.1' ],
331 silly audit   '@tailwindcss/oxide-linux-x64-musl': [ '4.2.1' ],
331 silly audit   '@tailwindcss/oxide-wasm32-wasi': [ '4.2.1' ],
331 silly audit   '@tybys/wasm-util': [ '0.10.1', '0.10.2' ],
331 silly audit   tslib: [ '2.8.1' ],
331 silly audit   '@tailwindcss/oxide-win32-arm64-msvc': [ '4.2.1' ],
331 silly audit   '@tailwindcss/oxide-win32-x64-msvc': [ '4.2.1' ],
331 silly audit   '@tailwindcss/postcss': [ '4.2.1' ],
331 silly audit   '@types/eslint': [ '9.6.1' ],
331 silly audit   '@types/eslint-scope': [ '3.7.7' ],
331 silly audit   '@types/estree': [ '1.0.9' ],
331 silly audit   '@types/json-schema': [ '7.0.15' ],
331 silly audit   '@types/json5': [ '0.0.29' ],
331 silly audit   '@types/node': [ '22.19.19' ],
331 silly audit   '@types/react': [ '19.2.14' ],
331 silly audit   '@types/react-dom': [ '19.2.3' ],
331 silly audit   '@typescript-eslint/eslint-plugin': [ '8.59.3' ],
331 silly audit   ignore: [ '7.0.5', '5.3.2' ],
331 silly audit   '@typescript-eslint/parser': [ '8.59.3' ],
331 silly audit   '@typescript-eslint/project-service': [ '8.59.3' ],
331 silly audit   '@typescript-eslint/scope-manager': [ '8.59.3' ],
331 silly audit   '@typescript-eslint/tsconfig-utils': [ '8.59.3' ],
331 silly audit   '@typescript-eslint/type-utils': [ '8.59.3' ],
331 silly audit   '@typescript-eslint/types': [ '8.59.3' ],
331 silly audit   '@typescript-eslint/typescript-estree': [ '8.59.3' ],
331 silly audit   'balanced-match': [ '4.0.4', '1.0.2' ],
331 silly audit   'brace-expansion': [ '5.0.6', '1.1.14' ],
331 silly audit   minimatch: [ '10.2.5', '3.1.5' ],
331 silly audit   semver: [ '7.8.0', '6.3.1' ],
331 silly audit   '@typescript-eslint/utils': [ '8.59.3' ],
331 silly audit   '@typescript-eslint/visitor-keys': [ '8.59.3' ],
331 silly audit   '@unpic/core': [ '1.0.3' ],
331 silly audit   '@unpic/react': [ '1.0.2' ],
331 silly audit   '@unrs/resolver-binding-android-arm-eabi': [ '1.11.1' ],
331 silly audit   '@unrs/resolver-binding-android-arm64': [ '1.11.1' ],
331 silly audit   '@unrs/resolver-binding-darwin-arm64': [ '1.11.1' ],
331 silly audit   '@unrs/resolver-binding-darwin-x64': [ '1.11.1' ],
331 silly audit   '@unrs/resolver-binding-freebsd-x64': [ '1.11.1' ],
331 silly audit   '@unrs/resolver-binding-linux-arm-gnueabihf': [ '1.11.1' ],
331 silly audit   '@unrs/resolver-binding-linux-arm-musleabihf': [ '1.11.1' ],
331 silly audit   '@unrs/resolver-binding-linux-arm64-gnu': [ '1.11.1' ],
331 silly audit   '@unrs/resolver-binding-linux-arm64-musl': [ '1.11.1' ],
331 silly audit   '@unrs/resolver-binding-linux-ppc64-gnu': [ '1.11.1' ],
331 silly audit   '@unrs/resolver-binding-linux-riscv64-gnu': [ '1.11.1' ],
331 silly audit   '@unrs/resolver-binding-linux-riscv64-musl': [ '1.11.1' ],
331 silly audit   '@unrs/resolver-binding-linux-s390x-gnu': [ '1.11.1' ],
331 silly audit   '@unrs/resolver-binding-linux-x64-gnu': [ '1.11.1' ],
331 silly audit   '@unrs/resolver-binding-linux-x64-musl': [ '1.11.1' ],
331 silly audit   '@unrs/resolver-binding-wasm32-wasi': [ '1.11.1' ],
331 silly audit   '@unrs/resolver-binding-win32-arm64-msvc': [ '1.11.1' ],
331 silly audit   '@unrs/resolver-binding-win32-ia32-msvc': [ '1.11.1' ],
331 silly audit   '@unrs/resolver-binding-win32-x64-msvc': [ '1.11.1' ],
331 silly audit   '@vercel/og': [ '0.8.6' ],
331 silly audit   '@vitejs/plugin-react': [ '6.0.2' ],
331 silly audit   '@vitejs/plugin-rsc': [ '0.5.26' ],
331 silly audit   '@webassemblyjs/ast': [ '1.14.1' ],
331 silly audit   '@webassemblyjs/floating-point-hex-parser': [ '1.13.2' ],
331 silly audit   '@webassemblyjs/helper-api-error': [ '1.13.2' ],
331 silly audit   '@webassemblyjs/helper-buffer': [ '1.14.1' ],
331 silly audit   '@webassemblyjs/helper-numbers': [ '1.13.2' ],
331 silly audit   '@webassemblyjs/helper-wasm-bytecode': [ '1.13.2' ],
331 silly audit   '@webassemblyjs/helper-wasm-section': [ '1.14.1' ],
331 silly audit   '@webassemblyjs/ieee754': [ '1.13.2' ],
331 silly audit   '@webassemblyjs/leb128': [ '1.13.2' ],
331 silly audit   '@webassemblyjs/utf8': [ '1.13.2' ],
331 silly audit   '@webassemblyjs/wasm-edit': [ '1.14.1' ],
331 silly audit   '@webassemblyjs/wasm-gen': [ '1.14.1' ],
331 silly audit   '@webassemblyjs/wasm-opt': [ '1.14.1' ],
331 silly audit   '@webassemblyjs/wasm-parser': [ '1.14.1' ],
331 silly audit   '@webassemblyjs/wast-printer': [ '1.14.1' ],
331 silly audit   '@xtuc/ieee754': [ '1.2.0' ],
331 silly audit   '@xtuc/long': [ '4.2.2' ],
331 silly audit   acorn: [ '8.16.0' ],
331 silly audit   'acorn-import-phases': [ '1.0.4' ],
331 silly audit   'acorn-jsx': [ '5.3.2' ],
331 silly audit   'acorn-loose': [ '8.5.2' ],
331 silly audit   ajv: [ '6.15.0', '8.20.0' ],
331 silly audit   'ajv-formats': [ '2.1.1' ],
331 silly audit   'json-schema-traverse': [ '1.0.0', '0.4.1' ],
331 silly audit   'ansi-styles': [ '4.3.0' ],
331 silly audit   argparse: [ '2.0.1' ],
331 silly audit   'aria-query': [ '5.3.2' ],
331 silly audit   'array-buffer-byte-length': [ '1.0.2' ],
331 silly audit   'array-includes': [ '3.1.9' ],
331 silly audit   'array.prototype.findlast': [ '1.2.5' ],
331 silly audit   'array.prototype.findlastindex': [ '1.2.6' ],
331 silly audit   'array.prototype.flat': [ '1.3.3' ],
331 silly audit   'array.prototype.flatmap': [ '1.3.3' ],
331 silly audit   'array.prototype.tosorted': [ '1.1.4' ],
331 silly audit   'arraybuffer.prototype.slice': [ '1.0.4' ],
331 silly audit   'ast-types-flow': [ '0.0.8' ],
331 silly audit   'async-function': [ '1.0.0' ],
331 silly audit   'available-typed-arrays': [ '1.0.7' ],
331 silly audit   'axe-core': [ '4.11.4' ],
331 silly audit   'axobject-query': [ '4.1.0' ],
331 silly audit   'base64-js': [ '0.0.8' ],
331 silly audit   'baseline-browser-mapping': [ '2.10.30' ],
331 silly audit   'blake3-wasm': [ '2.1.5' ],
331 silly audit   braces: [ '3.0.3' ],
331 silly audit   browserslist: [ '4.28.2' ],
331 silly audit   'buffer-from': [ '1.1.2' ],
331 silly audit   'call-bind': [ '1.0.9' ],
331 silly audit   'call-bind-apply-helpers': [ '1.0.2' ],
331 silly audit   'call-bound': [ '1.0.4' ],
331 silly audit   callsites: [ '3.1.0' ],
331 silly audit   camelize: [ '1.0.1' ],
331 silly audit   'caniuse-lite': [ '1.0.30001793' ],
331 silly audit   chalk: [ '4.1.2' ],
331 silly audit   'chrome-trace-event': [ '1.0.4' ],
331 silly audit   'client-only': [ '0.0.1' ],
331 silly audit   'color-convert': [ '2.0.1' ],
331 silly audit   'color-name': [ '1.1.4' ],
331 silly audit   commander: [ '2.20.3' ],
331 silly audit   'concat-map': [ '0.0.1' ],
331 silly audit   'convert-source-map': [ '2.0.0' ],
331 silly audit   cookie: [ '1.1.1' ],
331 silly audit   'cross-spawn': [ '7.0.6' ],
331 silly audit   'css-background-parser': [ '0.1.0' ],
331 silly audit   'css-box-shadow': [ '1.0.0-3' ],
331 silly audit   'css-color-keywords': [ '1.0.0' ],
331 silly audit   'css-gradient-parser': [ '0.0.16' ],
331 silly audit   'css-to-react-native': [ '3.2.0' ],
331 silly audit   csstype: [ '3.2.3' ],
331 silly audit   'damerau-levenshtein': [ '1.0.8' ],
331 silly audit   'data-view-buffer': [ '1.0.2' ],
331 silly audit   'data-view-byte-length': [ '1.0.2' ],
331 silly audit   'data-view-byte-offset': [ '1.0.1' ],
331 silly audit   debug: [ '4.4.3', '3.2.7' ],
331 silly audit   'deep-is': [ '0.1.4' ],
331 silly audit   'define-data-property': [ '1.1.4' ],
331 silly audit   'define-properties': [ '1.2.1' ],
331 silly audit   'detect-libc': [ '2.1.2' ],
331 silly audit   doctrine: [ '2.1.0' ],
331 silly audit   'drizzle-kit': [ '0.31.10' ],
331 silly audit   'drizzle-orm': [ '0.45.2' ],
331 silly audit   'dunder-proto': [ '1.0.1' ],
331 silly audit   'electron-to-chromium': [ '1.5.358' ],
331 silly audit   'emoji-regex': [ '9.2.2' ],
331 silly audit   'emoji-regex-xs': [ '2.0.1' ],
331 silly audit   'enhanced-resolve': [ '5.21.3' ],
331 silly audit   'error-stack-parser-es': [ '1.0.5' ],
331 silly audit   'es-abstract': [ '1.24.2' ],
331 silly audit   'es-define-property': [ '1.0.1' ],
331 silly audit   'es-errors': [ '1.3.0' ],
331 silly audit   'es-iterator-helpers': [ '1.3.2' ],
331 silly audit   'es-module-lexer': [ '2.1.0', '1.7.0' ],
331 silly audit   'es-object-atoms': [ '1.1.1' ],
331 silly audit   'es-set-tostringtag': [ '2.1.0' ],
331 silly audit   'es-shim-unscopables': [ '1.1.0' ],
331 silly audit   'es-to-primitive': [ '1.3.0' ],
331 silly audit   escalade: [ '3.2.0' ],
331 silly audit   'escape-html': [ '1.0.3' ],
331 silly audit   'escape-string-regexp': [ '4.0.0' ],
331 silly audit   eslint: [ '9.39.4' ],
331 silly audit   'eslint-config-next': [ '16.2.6' ],
331 silly audit   globals: [ '16.4.0', '14.0.0' ],
331 silly audit   'eslint-import-resolver-node': [ '0.3.10' ],
331 silly audit   'eslint-import-resolver-typescript': [ '3.10.1' ],
331 silly audit   'eslint-module-utils': [ '2.12.1' ],
331 silly audit   'eslint-plugin-import': [ '2.32.0' ],
331 silly audit   'eslint-plugin-jsx-a11y': [ '6.10.2' ],
331 silly audit   'eslint-plugin-react': [ '7.37.5' ],
331 silly audit   'eslint-plugin-react-hooks': [ '7.1.1' ],
331 silly audit   'eslint-scope': [ '8.4.0', '5.1.1' ],
331 silly audit   espree: [ '10.4.0' ],
331 silly audit   esquery: [ '1.7.0' ],
331 silly audit   esrecurse: [ '4.3.0' ],
331 silly audit   estraverse: [ '5.3.0', '4.3.0' ],
331 silly audit   'estree-walker': [ '3.0.3' ],
331 silly audit   esutils: [ '2.0.3' ],
331 silly audit   events: [ '3.3.0' ],
331 silly audit   'fast-deep-equal': [ '3.1.3' ],
331 silly audit   'fast-glob': [ '3.3.1', '3.3.3' ],
331 silly audit   'glob-parent': [ '5.1.2', '6.0.2' ],
331 silly audit   'fast-json-stable-stringify': [ '2.1.0' ],
331 silly audit   'fast-levenshtein': [ '2.0.6' ],
331 silly audit   'fast-uri': [ '3.1.2' ],
331 silly audit   fastq: [ '1.20.1' ],
331 silly audit   fflate: [ '0.7.4' ],
331 silly audit   'file-entry-cache': [ '8.0.0' ],
331 silly audit   'fill-range': [ '7.1.1' ],
331 silly audit   'find-up': [ '5.0.0' ],
331 silly audit   'flat-cache': [ '4.0.1' ],
331 silly audit   flatted: [ '3.4.2' ],
331 silly audit   'for-each': [ '0.3.5' ],
331 silly audit   fsevents: [ '2.3.3' ],
331 silly audit   'function-bind': [ '1.1.2' ],
331 silly audit   'function.prototype.name': [ '1.1.8' ],
331 silly audit   'functions-have-names': [ '1.2.3' ],
331 silly audit   'generator-function': [ '2.0.1' ],
331 silly audit   gensync: [ '1.0.0-beta.2' ],
331 silly audit   'get-intrinsic': [ '1.3.0' ],
331 silly audit   'get-proto': [ '1.0.1' ],
331 silly audit   'get-symbol-description': [ '1.1.0' ],
331 silly audit   'get-tsconfig': [ '4.14.0' ],
331 silly audit   'glob-to-regexp': [ '0.4.1' ],
331 silly audit   globalthis: [ '1.0.4' ],
331 silly audit   globrex: [ '0.1.2' ],
331 silly audit   gopd: [ '1.2.0' ],
331 silly audit   'graceful-fs': [ '4.2.11' ],
331 silly audit   'has-bigints': [ '1.1.0' ],
331 silly audit   'has-flag': [ '4.0.0' ],
331 silly audit   'has-property-descriptors': [ '1.0.2' ],
331 silly audit   'has-proto': [ '1.2.0' ],
331 silly audit   'has-symbols': [ '1.1.0' ],
331 silly audit   'has-tostringtag': [ '1.0.2' ],
331 silly audit   hasown: [ '2.0.3' ],
331 silly audit   'hermes-estree': [ '0.25.1' ],
331 silly audit   'hermes-parser': [ '0.25.1' ],
331 silly audit   'hex-rgb': [ '4.3.0' ],
331 silly audit   'image-size': [ '2.0.2' ],
331 silly audit   'import-fresh': [ '3.3.1' ],
331 silly audit   imurmurhash: [ '0.1.4' ],
331 silly audit   'internal-slot': [ '1.1.0' ],
331 silly audit   'ipaddr.js': [ '2.4.0' ],
331 silly audit   'is-array-buffer': [ '3.0.5' ],
331 silly audit   'is-async-function': [ '2.1.1' ],
331 silly audit   'is-bigint': [ '1.1.0' ],
331 silly audit   'is-boolean-object': [ '1.2.2' ],
331 silly audit   'is-bun-module': [ '2.0.0' ],
331 silly audit   'is-callable': [ '1.2.7' ],
331 silly audit   'is-core-module': [ '2.16.2' ],
331 silly audit   'is-data-view': [ '1.0.2' ],
331 silly audit   'is-date-object': [ '1.1.0' ],
331 silly audit   'is-extglob': [ '2.1.1' ],
331 silly audit   'is-finalizationregistry': [ '1.1.1' ],
331 silly audit   'is-generator-function': [ '1.1.2' ],
331 silly audit   'is-glob': [ '4.0.3' ],
331 silly audit   'is-map': [ '2.0.3' ],
331 silly audit   'is-negative-zero': [ '2.0.3' ],
331 silly audit   'is-number': [ '7.0.0' ],
331 silly audit   'is-number-object': [ '1.1.1' ],
331 silly audit   'is-regex': [ '1.2.1' ],
331 silly audit   'is-set': [ '2.0.3' ],
331 silly audit   'is-shared-array-buffer': [ '1.0.4' ],
331 silly audit   'is-string': [ '1.1.1' ],
331 silly audit   'is-symbol': [ '1.1.1' ],
331 silly audit   'is-typed-array': [ '1.1.15' ],
331 silly audit   'is-weakmap': [ '2.0.2' ],
331 silly audit   'is-weakref': [ '1.1.1' ],
331 silly audit   'is-weakset': [ '2.0.4' ],
331 silly audit   isarray: [ '2.0.5' ],
331 silly audit   isexe: [ '2.0.0' ],
331 silly audit   'iterator.prototype': [ '1.1.5' ],
331 silly audit   'jest-worker': [ '27.5.1' ],
331 silly audit   jiti: [ '2.7.0' ],
331 silly audit   'js-tokens': [ '4.0.0', '9.0.1' ],
331 silly audit   'js-yaml': [ '4.1.1' ],
331 silly audit   jsesc: [ '3.1.0' ],
331 silly audit   'json-buffer': [ '3.0.1' ],
331 silly audit   'json-stable-stringify-without-jsonify': [ '1.0.1' ],
331 silly audit   json5: [ '2.2.3', '1.0.2' ],
331 silly audit   'jsx-ast-utils': [ '3.3.5' ],
331 silly audit   keyv: [ '4.5.4' ],
331 silly audit   kleur: [ '4.1.5' ],
331 silly audit   'language-subtag-registry': [ '0.3.23' ],
331 silly audit   'language-tags': [ '1.0.9' ],
331 silly audit   levn: [ '0.4.1' ],
331 silly audit   lightningcss: [ '1.31.1', '1.32.0' ],
331 silly audit   'lightningcss-android-arm64': [ '1.31.1', '1.32.0' ],
331 silly audit   'lightningcss-darwin-arm64': [ '1.31.1', '1.32.0' ],
331 silly audit   'lightningcss-darwin-x64': [ '1.31.1', '1.32.0' ],
331 silly audit   'lightningcss-freebsd-x64': [ '1.31.1', '1.32.0' ],
331 silly audit   'lightningcss-linux-arm-gnueabihf': [ '1.31.1', '1.32.0' ],
331 silly audit   'lightningcss-linux-arm64-gnu': [ '1.31.1', '1.32.0' ],
331 silly audit   'lightningcss-linux-arm64-musl': [ '1.31.1', '1.32.0' ],
331 silly audit   'lightningcss-linux-x64-gnu': [ '1.31.1', '1.32.0' ],
331 silly audit   'lightningcss-linux-x64-musl': [ '1.31.1', '1.32.0' ],
331 silly audit   'lightningcss-win32-arm64-msvc': [ '1.31.1', '1.32.0' ],
331 silly audit   'lightningcss-win32-x64-msvc': [ '1.31.1', '1.32.0' ],
331 silly audit   linebreak: [ '1.1.0' ],
331 silly audit   'loader-runner': [ '4.3.2' ],
331 silly audit   'locate-path': [ '6.0.0' ],
331 silly audit   'lodash.merge': [ '4.6.2' ],
331 silly audit   'loose-envify': [ '1.4.0' ],
331 silly audit   'lru-cache': [ '5.1.1' ],
331 silly audit   'magic-string': [ '0.30.21' ],
331 silly audit   'math-intrinsics': [ '1.1.0' ],
331 silly audit   'merge-stream': [ '2.0.0' ],
331 silly audit   merge2: [ '1.4.1' ],
331 silly audit   micromatch: [ '4.0.8' ],
331 silly audit   'mime-db': [ '1.54.0' ],
331 silly audit   miniflare: [ '4.20260515.0' ],
331 silly audit   minimist: [ '1.2.8' ],
331 silly audit   ms: [ '2.1.3' ],
331 silly audit   nanoid: [ '3.3.12' ],
331 silly audit   'napi-postinstall': [ '0.3.4' ],
331 silly audit   'natural-compare': [ '1.4.0' ],
331 silly audit   'neo-async': [ '2.6.2' ],
331 silly audit   next: [ '16.2.6' ],
331 silly audit   postcss: [ '8.4.31', '8.5.14' ],
331 silly audit   'node-exports-info': [ '1.6.0' ],
331 silly audit   'node-releases': [ '2.0.44' ],
331 silly audit   'object-assign': [ '4.1.1' ],
331 silly audit   'object-inspect': [ '1.13.4' ],
331 silly audit   'object-keys': [ '1.1.1' ],
331 silly audit   'object.assign': [ '4.1.7' ],
331 silly audit   'object.entries': [ '1.1.9' ],
331 silly audit   'object.fromentries': [ '2.0.8' ],
331 silly audit   'object.groupby': [ '1.0.3' ],
331 silly audit   'object.values': [ '1.2.1' ],
331 silly audit   optionator: [ '0.9.4' ],
331 silly audit   'own-keys': [ '1.0.1' ],
331 silly audit   'p-limit': [ '3.1.0' ],
331 silly audit   'p-locate': [ '5.0.0' ],
331 silly audit   pako: [ '0.2.9' ],
331 silly audit   'parent-module': [ '1.0.1' ],
331 silly audit   'parse-css-color': [ '0.2.1' ],
331 silly audit   'path-exists': [ '4.0.0' ],
331 silly audit   'path-key': [ '3.1.1' ],
331 silly audit   'path-parse': [ '1.0.7' ],
331 silly audit   'path-to-regexp': [ '6.3.0' ],
331 silly audit   pathe: [ '2.0.3' ],
331 silly audit   picocolors: [ '1.1.1' ],
331 silly audit   picomatch: [ '2.3.2', '4.0.4' ],
331 silly audit   'possible-typed-array-names': [ '1.1.0' ],
331 silly audit   'postcss-value-parser': [ '4.2.0' ],
331 silly audit   'prelude-ls': [ '1.2.1' ],
331 silly audit   'prop-types': [ '15.8.1' ],
331 silly audit   punycode: [ '2.3.1' ],
331 silly audit   'queue-microtask': [ '1.2.3' ],
331 silly audit   react: [ '19.2.6' ],
331 silly audit   'react-dom': [ '19.2.6' ],
331 silly audit   'react-is': [ '16.13.1' ],
331 silly audit   'react-loading-skeleton': [ '3.5.0' ],
331 silly audit   'react-server-dom-webpack': [ '19.2.6' ],
331 silly audit   'reflect.getprototypeof': [ '1.0.10' ],
331 silly audit   'regexp.prototype.flags': [ '1.5.4' ],
331 silly audit   'require-from-string': [ '2.0.2' ],
331 silly audit   resolve: [ '2.0.0-next.7' ],
331 silly audit   'resolve-from': [ '4.0.0' ],
331 silly audit   'resolve-pkg-maps': [ '1.0.0' ],
331 silly audit   reusify: [ '1.1.0' ],
331 silly audit   rolldown: [ '1.0.1' ],
331 silly audit   'run-parallel': [ '1.2.0' ],
331 silly audit   'safe-array-concat': [ '1.1.4' ],
331 silly audit   'safe-push-apply': [ '1.0.0' ],
331 silly audit   'safe-regex-test': [ '1.1.0' ],
331 silly audit   satori: [ '0.16.0' ],
331 silly audit   scheduler: [ '0.27.0' ],
331 silly audit   'schema-utils': [ '4.3.3' ],
331 silly audit   'ajv-keywords': [ '5.1.0' ],
331 silly audit   'set-function-length': [ '1.2.2' ],
331 silly audit   'set-function-name': [ '2.0.2' ],
331 silly audit   'set-proto': [ '1.0.0' ],
331 silly audit   sharp: [ '0.34.5' ],
331 silly audit   'shebang-command': [ '2.0.0' ],
331 silly audit   'shebang-regex': [ '3.0.0' ],
331 silly audit   'side-channel': [ '1.1.0' ],
331 silly audit   'side-channel-list': [ '1.0.1' ],
331 silly audit   'side-channel-map': [ '1.0.1' ],
331 silly audit   'side-channel-weakmap': [ '1.0.2' ],
331 silly audit   'source-map': [ '0.6.1' ],
331 silly audit   'source-map-js': [ '1.2.1' ],
331 silly audit   'source-map-support': [ '0.5.21' ],
331 silly audit   srvx: [ '0.11.15' ],
331 silly audit   'stable-hash': [ '0.0.5' ],
331 silly audit   'stop-iteration-iterator': [ '1.1.0' ],
331 silly audit   'string.prototype.codepointat': [ '0.2.1' ],
331 silly audit   'string.prototype.includes': [ '2.0.1' ],
331 silly audit   'string.prototype.matchall': [ '4.0.12' ],
331 silly audit   'string.prototype.repeat': [ '1.0.0' ],
331 silly audit   'string.prototype.trim': [ '1.2.10' ],
331 silly audit   'string.prototype.trimend': [ '1.0.9' ],
331 silly audit   'string.prototype.trimstart': [ '1.0.8' ],
331 silly audit   'strip-bom': [ '3.0.0' ],
331 silly audit   'strip-json-comments': [ '3.1.1' ],
331 silly audit   'strip-literal': [ '3.1.0' ],
331 silly audit   'styled-jsx': [ '5.1.6' ],
331 silly audit   'supports-preserve-symlinks-flag': [ '1.0.0' ],
331 silly audit   tailwindcss: [ '4.2.1' ],
331 silly audit   tapable: [ '2.3.3' ],
331 silly audit   terser: [ '5.47.1' ],
331 silly audit   'terser-webpack-plugin': [ '5.6.0' ],
331 silly audit   'tiny-inflate': [ '1.0.3' ],
331 silly audit   tinyglobby: [ '0.2.16' ],
331 silly audit   fdir: [ '6.5.0' ],
331 silly audit   'to-regex-range': [ '5.0.1' ],
331 silly audit   'ts-api-utils': [ '2.5.0' ],
331 silly audit   tsconfck: [ '3.1.6' ],
331 silly audit   'tsconfig-paths': [ '3.15.0' ],
331 silly audit   tsx: [ '4.22.1' ],
331 silly audit   'turbo-stream': [ '3.2.0' ],
331 silly audit   'type-check': [ '0.4.0' ],
331 silly audit   'typed-array-buffer': [ '1.0.3' ],
331 silly audit   'typed-array-byte-length': [ '1.0.3' ],
331 silly audit   'typed-array-byte-offset': [ '1.0.4' ],
331 silly audit   'typed-array-length': [ '1.0.7' ],
331 silly audit   typescript: [ '5.9.3' ],
331 silly audit   'typescript-eslint': [ '8.59.3' ],
331 silly audit   'unbox-primitive': [ '1.1.0' ],
331 silly audit   undici: [ '7.24.8' ],
331 silly audit   'undici-types': [ '6.21.0' ],
331 silly audit   unenv: [ '2.0.0-rc.24' ],
331 silly audit   'unicode-trie': [ '2.0.0' ],
331 silly audit   unpic: [ '4.2.2' ],
331 silly audit   'unrs-resolver': [ '1.11.1' ],
331 silly audit   'update-browserslist-db': [ '1.2.3' ],
331 silly audit   'uri-js': [ '4.4.1' ],
331 silly audit   vinext: [ '0.0.50' ],
331 silly audit   vite: [ '8.0.13' ],
331 silly audit   'vite-plugin-commonjs': [ '0.10.4' ],
331 silly audit   'vite-plugin-dynamic-import': [ '1.6.0' ],
331 silly audit   'vite-tsconfig-paths': [ '6.1.1' ],
331 silly audit   vitefu: [ '1.1.3' ],
331 silly audit   watchpack: [ '2.5.1' ],
331 silly audit   'web-vitals': [ '4.2.4' ],
331 silly audit   webpack: [ '5.106.2' ],
331 silly audit   'webpack-sources': [ '3.4.1' ],
331 silly audit   which: [ '2.0.2' ],
331 silly audit   'which-boxed-primitive': [ '1.1.1' ],
331 silly audit   'which-builtin-type': [ '1.2.1' ],
331 silly audit   'which-collection': [ '1.0.2' ],
331 silly audit   'which-typed-array': [ '1.1.20' ],
331 silly audit   'word-wrap': [ '1.2.5' ],
331 silly audit   workerd: [ '1.20260515.1' ],
331 silly audit   wrangler: [ '4.92.0' ],
331 silly audit   ws: [ '8.18.0' ],
331 silly audit   yallist: [ '3.1.1' ],
331 silly audit   'yocto-queue': [ '0.1.0' ],
331 silly audit   'yoga-layout': [ '3.2.1' ],
331 silly audit   youch: [ '4.1.0-beta.10' ],
331 silly audit   'youch-core': [ '0.3.3' ],
331 silly audit   zod: [ '4.4.3' ],
331 silly audit   'zod-validation-error': [ '4.0.2' ]
331 silly audit }
332 http cache @xtuc/long@https://registry.npmjs.org/@xtuc/long/-/long-4.2.2.tgz 0ms (cache hit)
333 http cache @xtuc/ieee754@https://registry.npmjs.org/@xtuc/ieee754/-/ieee754-1.2.0.tgz 0ms (cache hit)
334 http cache @webassemblyjs/wast-printer@https://registry.npmjs.org/@webassemblyjs/wast-printer/-/wast-printer-1.14.1.tgz 0ms (cache hit)
335 http cache @webassemblyjs/wasm-parser@https://registry.npmjs.org/@webassemblyjs/wasm-parser/-/wasm-parser-1.14.1.tgz 0ms (cache hit)
336 http cache @webassemblyjs/wasm-opt@https://registry.npmjs.org/@webassemblyjs/wasm-opt/-/wasm-opt-1.14.1.tgz 0ms (cache hit)
337 http cache @webassemblyjs/wasm-edit@https://registry.npmjs.org/@webassemblyjs/wasm-edit/-/wasm-edit-1.14.1.tgz 0ms (cache hit)
338 http cache @webassemblyjs/utf8@https://registry.npmjs.org/@webassemblyjs/utf8/-/utf8-1.13.2.tgz 0ms (cache hit)
339 http cache @webassemblyjs/wasm-gen@https://registry.npmjs.org/@webassemblyjs/wasm-gen/-/wasm-gen-1.14.1.tgz 0ms (cache hit)
340 http cache @webassemblyjs/leb128@https://registry.npmjs.org/@webassemblyjs/leb128/-/leb128-1.13.2.tgz 0ms (cache hit)
341 http cache @webassemblyjs/helper-numbers@https://registry.npmjs.org/@webassemblyjs/helper-numbers/-/helper-numbers-1.13.2.tgz 0ms (cache hit)
342 http cache @webassemblyjs/helper-wasm-section@https://registry.npmjs.org/@webassemblyjs/helper-wasm-section/-/helper-wasm-section-1.14.1.tgz 0ms (cache hit)
343 http cache @webassemblyjs/ieee754@https://registry.npmjs.org/@webassemblyjs/ieee754/-/ieee754-1.13.2.tgz 0ms (cache hit)
344 http cache @webassemblyjs/helper-wasm-bytecode@https://registry.npmjs.org/@webassemblyjs/helper-wasm-bytecode/-/helper-wasm-bytecode-1.13.2.tgz 0ms (cache hit)
345 http cache @webassemblyjs/helper-buffer@https://registry.npmjs.org/@webassemblyjs/helper-buffer/-/helper-buffer-1.14.1.tgz 0ms (cache hit)
346 http cache @webassemblyjs/floating-point-hex-parser@https://registry.npmjs.org/@webassemblyjs/floating-point-hex-parser/-/floating-point-hex-parser-1.13.2.tgz 0ms (cache hit)
347 http cache @webassemblyjs/ast@https://registry.npmjs.org/@webassemblyjs/ast/-/ast-1.14.1.tgz 0ms (cache hit)
348 http cache @webassemblyjs/helper-api-error@https://registry.npmjs.org/@webassemblyjs/helper-api-error/-/helper-api-error-1.13.2.tgz 0ms (cache hit)
349 http cache @vitejs/plugin-rsc@https://registry.npmjs.org/@vitejs/plugin-rsc/-/plugin-rsc-0.5.26.tgz 0ms (cache hit)
350 http cache @vitejs/plugin-react@https://registry.npmjs.org/@vitejs/plugin-react/-/plugin-react-6.0.2.tgz 0ms (cache hit)
351 http cache @vercel/og@https://registry.npmjs.org/@vercel/og/-/og-0.8.6.tgz 0ms (cache hit)
352 http cache @unpic/react@https://registry.npmjs.org/@unpic/react/-/react-1.0.2.tgz 0ms (cache hit)
353 http cache @unpic/core@https://registry.npmjs.org/@unpic/core/-/core-1.0.3.tgz 0ms (cache hit)
354 http cache @unrs/resolver-binding-darwin-arm64@https://registry.npmjs.org/@unrs/resolver-binding-darwin-arm64/-/resolver-binding-darwin-arm64-1.11.1.tgz 0ms (cache hit)
355 http cache @typescript-eslint/utils@https://registry.npmjs.org/@typescript-eslint/utils/-/utils-8.59.3.tgz 0ms (cache hit)
356 http cache @typescript-eslint/visitor-keys@https://registry.npmjs.org/@typescript-eslint/visitor-keys/-/visitor-keys-8.59.3.tgz 0ms (cache hit)
357 http cache @typescript-eslint/types@https://registry.npmjs.org/@typescript-eslint/types/-/types-8.59.3.tgz 0ms (cache hit)
358 http cache @typescript-eslint/tsconfig-utils@https://registry.npmjs.org/@typescript-eslint/tsconfig-utils/-/tsconfig-utils-8.59.3.tgz 0ms (cache hit)
359 http cache @typescript-eslint/typescript-estree@https://registry.npmjs.org/@typescript-eslint/typescript-estree/-/typescript-estree-8.59.3.tgz 0ms (cache hit)
360 http cache @typescript-eslint/type-utils@https://registry.npmjs.org/@typescript-eslint/type-utils/-/type-utils-8.59.3.tgz 0ms (cache hit)
361 http cache @typescript-eslint/project-service@https://registry.npmjs.org/@typescript-eslint/project-service/-/project-service-8.59.3.tgz 0ms (cache hit)
362 http cache @typescript-eslint/parser@https://registry.npmjs.org/@typescript-eslint/parser/-/parser-8.59.3.tgz 0ms (cache hit)
363 http cache @typescript-eslint/scope-manager@https://registry.npmjs.org/@typescript-eslint/scope-manager/-/scope-manager-8.59.3.tgz 0ms (cache hit)
364 http cache @typescript-eslint/eslint-plugin@https://registry.npmjs.org/@typescript-eslint/eslint-plugin/-/eslint-plugin-8.59.3.tgz 1ms (cache hit)
365 http cache @tailwindcss/oxide-darwin-arm64@https://registry.npmjs.org/@tailwindcss/oxide-darwin-arm64/-/oxide-darwin-arm64-4.2.1.tgz 0ms (cache hit)
366 http cache @tailwindcss/postcss@https://registry.npmjs.org/@tailwindcss/postcss/-/postcss-4.2.1.tgz 0ms (cache hit)
367 http cache @tailwindcss/oxide@https://registry.npmjs.org/@tailwindcss/oxide/-/oxide-4.2.1.tgz 0ms (cache hit)
368 http cache @types/node@https://registry.npmjs.org/@types/node/-/node-22.19.19.tgz 0ms (cache hit)
369 http cache @types/eslint@https://registry.npmjs.org/@types/eslint/-/eslint-9.6.1.tgz 0ms (cache hit)
370 http cache @tailwindcss/node@https://registry.npmjs.org/@tailwindcss/node/-/node-4.2.1.tgz 0ms (cache hit)
371 http cache @types/eslint-scope@https://registry.npmjs.org/@types/eslint-scope/-/eslint-scope-3.7.7.tgz 0ms (cache hit)
372 http cache @types/json5@https://registry.npmjs.org/@types/json5/-/json5-0.0.29.tgz 0ms (cache hit)
373 http cache @tybys/wasm-util@https://registry.npmjs.org/@tybys/wasm-util/-/wasm-util-0.10.2.tgz 0ms (cache hit)
374 http cache @shuding/opentype.js@https://registry.npmjs.org/@shuding/opentype.js/-/opentype.js-1.4.0-beta.0.tgz 0ms (cache hit)
375 http cache @rolldown/pluginutils@https://registry.npmjs.org/@rolldown/pluginutils/-/pluginutils-1.0.1.tgz 0ms (cache hit)
376 http cache @swc/helpers@https://registry.npmjs.org/@swc/helpers/-/helpers-0.5.15.tgz 0ms (cache hit)
377 http cache @rolldown/binding-darwin-arm64@https://registry.npmjs.org/@rolldown/binding-darwin-arm64/-/binding-darwin-arm64-1.0.1.tgz 0ms (cache hit)
378 http cache @resvg/resvg-wasm@https://registry.npmjs.org/@resvg/resvg-wasm/-/resvg-wasm-2.4.0.tgz 0ms (cache hit)
379 http cache @nolyfill/is-core-module@https://registry.npmjs.org/@nolyfill/is-core-module/-/is-core-module-1.0.39.tgz 0ms (cache hit)
380 http cache @oxc-project/types@https://registry.npmjs.org/@oxc-project/types/-/types-0.130.0.tgz 0ms (cache hit)
381 http cache @next/swc-darwin-arm64@https://registry.npmjs.org/@next/swc-darwin-arm64/-/swc-darwin-arm64-16.2.6.tgz 0ms (cache hit)
382 http cache @next/env@https://registry.npmjs.org/@next/env/-/env-16.2.6.tgz 0ms (cache hit)
383 http cache @next/eslint-plugin-next@https://registry.npmjs.org/@next/eslint-plugin-next/-/eslint-plugin-next-16.2.6.tgz 0ms (cache hit)
384 http cache @img/sharp-libvips-darwin-arm64@https://registry.npmjs.org/@img/sharp-libvips-darwin-arm64/-/sharp-libvips-darwin-arm64-1.2.4.tgz 0ms (cache hit)
385 http cache @img/sharp-darwin-arm64@https://registry.npmjs.org/@img/sharp-darwin-arm64/-/sharp-darwin-arm64-0.34.5.tgz 0ms (cache hit)
386 http cache @img/colour@https://registry.npmjs.org/@img/colour/-/colour-1.1.0.tgz 0ms (cache hit)
387 http cache @humanfs/node@https://registry.npmjs.org/@humanfs/node/-/node-0.16.8.tgz 0ms (cache hit)
388 http cache @humanfs/types@https://registry.npmjs.org/@humanfs/types/-/types-0.15.0.tgz 0ms (cache hit)
389 http cache @humanfs/core@https://registry.npmjs.org/@humanfs/core/-/core-0.19.2.tgz 0ms (cache hit)
390 http cache @rtsao/scc@https://registry.npmjs.org/@rtsao/scc/-/scc-1.1.0.tgz 0ms (cache hit)
391 http cache @eslint/eslintrc@https://registry.npmjs.org/@eslint/eslintrc/-/eslintrc-3.3.5.tgz 0ms (cache hit)
392 http cache @eslint/config-array@https://registry.npmjs.org/@eslint/config-array/-/config-array-0.21.2.tgz 0ms (cache hit)
393 http cache @esbuild-kit/esm-loader@https://registry.npmjs.org/@esbuild-kit/esm-loader/-/esm-loader-2.6.5.tgz 0ms (cache hit)
394 http cache @eslint/js@https://registry.npmjs.org/@eslint/js/-/js-9.39.4.tgz 0ms (cache hit)
395 http cache @esbuild/darwin-arm64@https://registry.npmjs.org/@esbuild/darwin-arm64/-/darwin-arm64-0.28.0.tgz 0ms (cache hit)
396 http cache @esbuild-kit/core-utils@https://registry.npmjs.org/@esbuild-kit/core-utils/-/core-utils-3.3.2.tgz 0ms (cache hit)
397 http cache @emnapi/core@https://registry.npmjs.org/@emnapi/core/-/core-1.10.0.tgz 0ms (cache hit)
398 http cache @emnapi/runtime@https://registry.npmjs.org/@emnapi/runtime/-/runtime-1.10.0.tgz 0ms (cache hit)
399 http cache @drizzle-team/brocli@https://registry.npmjs.org/@drizzle-team/brocli/-/brocli-0.10.2.tgz 0ms (cache hit)
400 http cache @babel/parser@https://registry.npmjs.org/@babel/parser/-/parser-7.29.3.tgz 0ms (cache hit)
401 http cache @cloudflare/workerd-darwin-arm64@https://registry.npmjs.org/@cloudflare/workerd-darwin-arm64/-/workerd-darwin-arm64-1.20260515.1.tgz 0ms (cache hit)
402 http cache @emnapi/wasi-threads@https://registry.npmjs.org/@emnapi/wasi-threads/-/wasi-threads-1.2.1.tgz 0ms (cache hit)
403 http cache @cloudflare/vite-plugin@https://registry.npmjs.org/@cloudflare/vite-plugin/-/vite-plugin-1.37.1.tgz 1ms (cache hit)
404 http cache @babel/helpers@https://registry.npmjs.org/@babel/helpers/-/helpers-7.29.2.tgz 0ms (cache hit)
405 http cache zod@https://registry.npmjs.org/zod/-/zod-4.4.3.tgz 0ms (cache hit)
406 http cache @babel/compat-data@https://registry.npmjs.org/@babel/compat-data/-/compat-data-7.29.3.tgz 0ms (cache hit)
407 http cache yoga-layout@https://registry.npmjs.org/yoga-layout/-/yoga-layout-3.2.1.tgz 0ms (cache hit)
408 http cache wrangler@https://registry.npmjs.org/wrangler/-/wrangler-4.92.0.tgz 0ms (cache hit)
409 http cache workerd@https://registry.npmjs.org/workerd/-/workerd-1.20260515.1.tgz 0ms (cache hit)
410 http cache which-typed-array@https://registry.npmjs.org/which-typed-array/-/which-typed-array-1.1.20.tgz 0ms (cache hit)
411 http cache which-collection@https://registry.npmjs.org/which-collection/-/which-collection-1.0.2.tgz 0ms (cache hit)
412 http cache which-builtin-type@https://registry.npmjs.org/which-builtin-type/-/which-builtin-type-1.2.1.tgz 0ms (cache hit)
413 http cache which@https://registry.npmjs.org/which/-/which-2.0.2.tgz 0ms (cache hit)
414 http cache webpack-sources@https://registry.npmjs.org/webpack-sources/-/webpack-sources-3.4.1.tgz 0ms (cache hit)
415 http cache webpack@https://registry.npmjs.org/webpack/-/webpack-5.106.2.tgz 0ms (cache hit)
416 http cache which-boxed-primitive@https://registry.npmjs.org/which-boxed-primitive/-/which-boxed-primitive-1.1.1.tgz 0ms (cache hit)
417 http cache web-vitals@https://registry.npmjs.org/web-vitals/-/web-vitals-4.2.4.tgz 0ms (cache hit)
418 http cache watchpack@https://registry.npmjs.org/watchpack/-/watchpack-2.5.1.tgz 0ms (cache hit)
419 http cache vitefu@https://registry.npmjs.org/vitefu/-/vitefu-1.1.3.tgz 0ms (cache hit)
420 http cache vite-tsconfig-paths@https://registry.npmjs.org/vite-tsconfig-paths/-/vite-tsconfig-paths-6.1.1.tgz 0ms (cache hit)
421 http cache vite-plugin-dynamic-import@https://registry.npmjs.org/vite-plugin-dynamic-import/-/vite-plugin-dynamic-import-1.6.0.tgz 0ms (cache hit)
422 http cache vite-plugin-commonjs@https://registry.npmjs.org/vite-plugin-commonjs/-/vite-plugin-commonjs-0.10.4.tgz 0ms (cache hit)
423 http cache vite@https://registry.npmjs.org/vite/-/vite-8.0.13.tgz 0ms (cache hit)
424 http cache unrs-resolver@https://registry.npmjs.org/unrs-resolver/-/unrs-resolver-1.11.1.tgz 0ms (cache hit)
425 http cache vinext@https://registry.npmjs.org/vinext/-/vinext-0.0.50.tgz 0ms (cache hit)
426 http cache update-browserslist-db@https://registry.npmjs.org/update-browserslist-db/-/update-browserslist-db-1.2.3.tgz 0ms (cache hit)
427 http cache undici-types@https://registry.npmjs.org/undici-types/-/undici-types-6.21.0.tgz 0ms (cache hit)
428 http cache unpic@https://registry.npmjs.org/unpic/-/unpic-4.2.2.tgz 0ms (cache hit)
429 http cache unicode-trie@https://registry.npmjs.org/unicode-trie/-/unicode-trie-2.0.0.tgz 0ms (cache hit)
430 http cache typescript-eslint@https://registry.npmjs.org/typescript-eslint/-/typescript-eslint-8.59.3.tgz 0ms (cache hit)
431 http cache unbox-primitive@https://registry.npmjs.org/unbox-primitive/-/unbox-primitive-1.1.0.tgz 0ms (cache hit)
432 http cache typescript@https://registry.npmjs.org/typescript/-/typescript-5.9.3.tgz 0ms (cache hit)
433 http cache typed-array-length@https://registry.npmjs.org/typed-array-length/-/typed-array-length-1.0.7.tgz 0ms (cache hit)
434 http cache typed-array-byte-offset@https://registry.npmjs.org/typed-array-byte-offset/-/typed-array-byte-offset-1.0.4.tgz 0ms (cache hit)
435 http cache turbo-stream@https://registry.npmjs.org/turbo-stream/-/turbo-stream-3.2.0.tgz 0ms (cache hit)
436 http cache typed-array-buffer@https://registry.npmjs.org/typed-array-buffer/-/typed-array-buffer-1.0.3.tgz 0ms (cache hit)
437 http cache tsx@https://registry.npmjs.org/tsx/-/tsx-4.22.1.tgz 0ms (cache hit)
438 http cache typed-array-byte-length@https://registry.npmjs.org/typed-array-byte-length/-/typed-array-byte-length-1.0.3.tgz 0ms (cache hit)
439 http cache tsconfig-paths@https://registry.npmjs.org/tsconfig-paths/-/tsconfig-paths-3.15.0.tgz 0ms (cache hit)
440 http cache tslib@https://registry.npmjs.org/tslib/-/tslib-2.8.1.tgz 0ms (cache hit)
441 http cache tsconfck@https://registry.npmjs.org/tsconfck/-/tsconfck-3.1.6.tgz 0ms (cache hit)
442 http cache tinyglobby@https://registry.npmjs.org/tinyglobby/-/tinyglobby-0.2.16.tgz 0ms (cache hit)
443 http cache ts-api-utils@https://registry.npmjs.org/ts-api-utils/-/ts-api-utils-2.5.0.tgz 0ms (cache hit)
444 http cache tiny-inflate@https://registry.npmjs.org/tiny-inflate/-/tiny-inflate-1.0.3.tgz 0ms (cache hit)
445 http cache terser-webpack-plugin@https://registry.npmjs.org/terser-webpack-plugin/-/terser-webpack-plugin-5.6.0.tgz 0ms (cache hit)
446 http cache tapable@https://registry.npmjs.org/tapable/-/tapable-2.3.3.tgz 0ms (cache hit)
447 http cache terser@https://registry.npmjs.org/terser/-/terser-5.47.1.tgz 0ms (cache hit)
448 http cache strip-bom@https://registry.npmjs.org/strip-bom/-/strip-bom-3.0.0.tgz 0ms (cache hit)
449 http cache styled-jsx@https://registry.npmjs.org/styled-jsx/-/styled-jsx-5.1.6.tgz 0ms (cache hit)
450 http cache strip-literal@https://registry.npmjs.org/strip-literal/-/strip-literal-3.1.0.tgz 0ms (cache hit)
451 http cache tailwindcss@https://registry.npmjs.org/tailwindcss/-/tailwindcss-4.2.1.tgz 0ms (cache hit)
452 http cache string.prototype.trimend@https://registry.npmjs.org/string.prototype.trimend/-/string.prototype.trimend-1.0.9.tgz 0ms (cache hit)
453 http cache string.prototype.trimstart@https://registry.npmjs.org/string.prototype.trimstart/-/string.prototype.trimstart-1.0.8.tgz 0ms (cache hit)
454 http cache string.prototype.trim@https://registry.npmjs.org/string.prototype.trim/-/string.prototype.trim-1.2.10.tgz 0ms (cache hit)
455 http cache string.prototype.includes@https://registry.npmjs.org/string.prototype.includes/-/string.prototype.includes-2.0.1.tgz 0ms (cache hit)
456 http cache string.prototype.matchall@https://registry.npmjs.org/string.prototype.matchall/-/string.prototype.matchall-4.0.12.tgz 0ms (cache hit)
457 http cache string.prototype.repeat@https://registry.npmjs.org/string.prototype.repeat/-/string.prototype.repeat-1.0.0.tgz 0ms (cache hit)
458 http cache string.prototype.codepointat@https://registry.npmjs.org/string.prototype.codepointat/-/string.prototype.codepointat-0.2.1.tgz 0ms (cache hit)
459 http cache stop-iteration-iterator@https://registry.npmjs.org/stop-iteration-iterator/-/stop-iteration-iterator-1.1.0.tgz 0ms (cache hit)
460 http cache stable-hash@https://registry.npmjs.org/stable-hash/-/stable-hash-0.0.5.tgz 0ms (cache hit)
461 http cache side-channel-weakmap@https://registry.npmjs.org/side-channel-weakmap/-/side-channel-weakmap-1.0.2.tgz 0ms (cache hit)
462 http cache side-channel-map@https://registry.npmjs.org/side-channel-map/-/side-channel-map-1.0.1.tgz 0ms (cache hit)
463 http cache srvx@https://registry.npmjs.org/srvx/-/srvx-0.11.15.tgz 0ms (cache hit)
464 http cache side-channel@https://registry.npmjs.org/side-channel/-/side-channel-1.1.0.tgz 0ms (cache hit)
465 http cache sharp@https://registry.npmjs.org/sharp/-/sharp-0.34.5.tgz 0ms (cache hit)
466 http cache side-channel-list@https://registry.npmjs.org/side-channel-list/-/side-channel-list-1.0.1.tgz 0ms (cache hit)
467 http cache set-proto@https://registry.npmjs.org/set-proto/-/set-proto-1.0.0.tgz 0ms (cache hit)
468 http cache set-function-name@https://registry.npmjs.org/set-function-name/-/set-function-name-2.0.2.tgz 0ms (cache hit)
469 http cache set-function-length@https://registry.npmjs.org/set-function-length/-/set-function-length-1.2.2.tgz 0ms (cache hit)
470 http cache schema-utils@https://registry.npmjs.org/schema-utils/-/schema-utils-4.3.3.tgz 0ms (cache hit)
471 http cache satori@https://registry.npmjs.org/satori/-/satori-0.16.0.tgz 0ms (cache hit)
472 http cache semver@https://registry.npmjs.org/semver/-/semver-6.3.1.tgz 0ms (cache hit)
473 http cache rolldown@https://registry.npmjs.org/rolldown/-/rolldown-1.0.1.tgz 0ms (cache hit)
474 http cache safe-regex-test@https://registry.npmjs.org/safe-regex-test/-/safe-regex-test-1.1.0.tgz 0ms (cache hit)
475 http cache safe-push-apply@https://registry.npmjs.org/safe-push-apply/-/safe-push-apply-1.0.0.tgz 0ms (cache hit)
476 http cache safe-array-concat@https://registry.npmjs.org/safe-array-concat/-/safe-array-concat-1.1.4.tgz 0ms (cache hit)
477 http cache resolve-pkg-maps@https://registry.npmjs.org/resolve-pkg-maps/-/resolve-pkg-maps-1.0.0.tgz 0ms (cache hit)
478 http cache require-from-string@https://registry.npmjs.org/require-from-string/-/require-from-string-2.0.2.tgz 0ms (cache hit)
479 http cache regexp.prototype.flags@https://registry.npmjs.org/regexp.prototype.flags/-/regexp.prototype.flags-1.5.4.tgz 0ms (cache hit)
480 http cache resolve@https://registry.npmjs.org/resolve/-/resolve-2.0.0-next.7.tgz 0ms (cache hit)
481 http cache reflect.getprototypeof@https://registry.npmjs.org/reflect.getprototypeof/-/reflect.getprototypeof-1.0.10.tgz 0ms (cache hit)
482 http cache react-loading-skeleton@https://registry.npmjs.org/react-loading-skeleton/-/react-loading-skeleton-3.5.0.tgz 0ms (cache hit)
483 http cache react-server-dom-webpack@https://registry.npmjs.org/react-server-dom-webpack/-/react-server-dom-webpack-19.2.6.tgz 0ms (cache hit)
484 http cache react-is@https://registry.npmjs.org/react-is/-/react-is-16.13.1.tgz 0ms (cache hit)
485 http cache react-dom@https://registry.npmjs.org/react-dom/-/react-dom-19.2.6.tgz 0ms (cache hit)
486 http cache react@https://registry.npmjs.org/react/-/react-19.2.6.tgz 0ms (cache hit)
487 http cache prop-types@https://registry.npmjs.org/prop-types/-/prop-types-15.8.1.tgz 0ms (cache hit)
488 http cache picomatch@https://registry.npmjs.org/picomatch/-/picomatch-2.3.2.tgz 0ms (cache hit)
489 http cache possible-typed-array-names@https://registry.npmjs.org/possible-typed-array-names/-/possible-typed-array-names-1.1.0.tgz 0ms (cache hit)
490 http cache postcss@https://registry.npmjs.org/postcss/-/postcss-8.5.14.tgz 0ms (cache hit)
491 http cache parse-css-color@https://registry.npmjs.org/parse-css-color/-/parse-css-color-0.2.1.tgz 0ms (cache hit)
492 http cache own-keys@https://registry.npmjs.org/own-keys/-/own-keys-1.0.1.tgz 0ms (cache hit)
493 http cache pako@https://registry.npmjs.org/pako/-/pako-0.2.9.tgz 0ms (cache hit)
494 http cache object.groupby@https://registry.npmjs.org/object.groupby/-/object.groupby-1.0.3.tgz 0ms (cache hit)
495 http cache object.fromentries@https://registry.npmjs.org/object.fromentries/-/object.fromentries-2.0.8.tgz 0ms (cache hit)
496 http cache object.assign@https://registry.npmjs.org/object.assign/-/object.assign-4.1.7.tgz 0ms (cache hit)
497 http cache object.values@https://registry.npmjs.org/object.values/-/object.values-1.2.1.tgz 0ms (cache hit)
498 http cache object.entries@https://registry.npmjs.org/object.entries/-/object.entries-1.1.9.tgz 0ms (cache hit)
499 http cache object-keys@https://registry.npmjs.org/object-keys/-/object-keys-1.1.1.tgz 0ms (cache hit)
500 http cache object-inspect@https://registry.npmjs.org/object-inspect/-/object-inspect-1.13.4.tgz 0ms (cache hit)
501 http cache node-exports-info@https://registry.npmjs.org/node-exports-info/-/node-exports-info-1.6.0.tgz 0ms (cache hit)
502 http cache neo-async@https://registry.npmjs.org/neo-async/-/neo-async-2.6.2.tgz 0ms (cache hit)
503 http cache node-releases@https://registry.npmjs.org/node-releases/-/node-releases-2.0.44.tgz 0ms (cache hit)
504 http cache next@https://registry.npmjs.org/next/-/next-16.2.6.tgz 0ms (cache hit)
505 http cache napi-postinstall@https://registry.npmjs.org/napi-postinstall/-/napi-postinstall-0.3.4.tgz 0ms (cache hit)
506 http cache minimatch@https://registry.npmjs.org/minimatch/-/minimatch-3.1.5.tgz 0ms (cache hit)
507 http cache nanoid@https://registry.npmjs.org/nanoid/-/nanoid-3.3.12.tgz 0ms (cache hit)
508 http cache miniflare@https://registry.npmjs.org/miniflare/-/miniflare-4.20260515.0.tgz 0ms (cache hit)
509 http cache math-intrinsics@https://registry.npmjs.org/math-intrinsics/-/math-intrinsics-1.1.0.tgz 0ms (cache hit)
510 http cache minimist@https://registry.npmjs.org/minimist/-/minimist-1.2.8.tgz 0ms (cache hit)
511 http cache magic-string@https://registry.npmjs.org/magic-string/-/magic-string-0.30.21.tgz 0ms (cache hit)
512 http cache linebreak@https://registry.npmjs.org/linebreak/-/linebreak-1.1.0.tgz 0ms (cache hit)
513 http cache loose-envify@https://registry.npmjs.org/loose-envify/-/loose-envify-1.4.0.tgz 0ms (cache hit)
514 http cache loader-runner@https://registry.npmjs.org/loader-runner/-/loader-runner-4.3.2.tgz 0ms (cache hit)
515 http cache lightningcss-darwin-arm64@https://registry.npmjs.org/lightningcss-darwin-arm64/-/lightningcss-darwin-arm64-1.31.1.tgz 0ms (cache hit)
516 http cache language-subtag-registry@https://registry.npmjs.org/language-subtag-registry/-/language-subtag-registry-0.3.23.tgz 0ms (cache hit)
517 http cache json5@https://registry.npmjs.org/json5/-/json5-2.2.3.tgz 0ms (cache hit)
518 http cache lightningcss@https://registry.npmjs.org/lightningcss/-/lightningcss-1.31.1.tgz 0ms (cache hit)
519 http cache language-tags@https://registry.npmjs.org/language-tags/-/language-tags-1.0.9.tgz 0ms (cache hit)
520 http cache jsx-ast-utils@https://registry.npmjs.org/jsx-ast-utils/-/jsx-ast-utils-3.3.5.tgz 0ms (cache hit)
521 http cache jsesc@https://registry.npmjs.org/jsesc/-/jsesc-3.1.0.tgz 0ms (cache hit)
522 http cache jiti@https://registry.npmjs.org/jiti/-/jiti-2.7.0.tgz 0ms (cache hit)
523 http cache jest-worker@https://registry.npmjs.org/jest-worker/-/jest-worker-27.5.1.tgz 0ms (cache hit)
524 http cache iterator.prototype@https://registry.npmjs.org/iterator.prototype/-/iterator.prototype-1.1.5.tgz 0ms (cache hit)
525 http cache is-weakset@https://registry.npmjs.org/is-weakset/-/is-weakset-2.0.4.tgz 0ms (cache hit)
526 http cache js-yaml@https://registry.npmjs.org/js-yaml/-/js-yaml-4.1.1.tgz 0ms (cache hit)
527 http cache isarray@https://registry.npmjs.org/isarray/-/isarray-2.0.5.tgz 0ms (cache hit)
528 http cache is-weakref@https://registry.npmjs.org/is-weakref/-/is-weakref-1.1.1.tgz 0ms (cache hit)
529 http cache is-typed-array@https://registry.npmjs.org/is-typed-array/-/is-typed-array-1.1.15.tgz 0ms (cache hit)
530 http cache is-weakmap@https://registry.npmjs.org/is-weakmap/-/is-weakmap-2.0.2.tgz 0ms (cache hit)
531 http cache is-string@https://registry.npmjs.org/is-string/-/is-string-1.1.1.tgz 0ms (cache hit)
532 http cache is-symbol@https://registry.npmjs.org/is-symbol/-/is-symbol-1.1.1.tgz 0ms (cache hit)
533 http cache is-shared-array-buffer@https://registry.npmjs.org/is-shared-array-buffer/-/is-shared-array-buffer-1.0.4.tgz 0ms (cache hit)
534 http cache is-set@https://registry.npmjs.org/is-set/-/is-set-2.0.3.tgz 0ms (cache hit)
535 http cache is-regex@https://registry.npmjs.org/is-regex/-/is-regex-1.2.1.tgz 0ms (cache hit)
536 http cache is-number-object@https://registry.npmjs.org/is-number-object/-/is-number-object-1.1.1.tgz 0ms (cache hit)
537 http cache is-negative-zero@https://registry.npmjs.org/is-negative-zero/-/is-negative-zero-2.0.3.tgz 1ms (cache hit)
538 http cache is-map@https://registry.npmjs.org/is-map/-/is-map-2.0.3.tgz 0ms (cache hit)
539 http cache is-generator-function@https://registry.npmjs.org/is-generator-function/-/is-generator-function-1.1.2.tgz 0ms (cache hit)
540 http cache is-finalizationregistry@https://registry.npmjs.org/is-finalizationregistry/-/is-finalizationregistry-1.1.1.tgz 0ms (cache hit)
541 http cache is-date-object@https://registry.npmjs.org/is-date-object/-/is-date-object-1.1.0.tgz 0ms (cache hit)
542 http cache is-data-view@https://registry.npmjs.org/is-data-view/-/is-data-view-1.0.2.tgz 0ms (cache hit)
543 http cache is-core-module@https://registry.npmjs.org/is-core-module/-/is-core-module-2.16.2.tgz 0ms (cache hit)
544 http cache is-callable@https://registry.npmjs.org/is-callable/-/is-callable-1.2.7.tgz 0ms (cache hit)
545 http cache is-bun-module@https://registry.npmjs.org/is-bun-module/-/is-bun-module-2.0.0.tgz 0ms (cache hit)
546 http cache is-bigint@https://registry.npmjs.org/is-bigint/-/is-bigint-1.1.0.tgz 0ms (cache hit)
547 http cache is-boolean-object@https://registry.npmjs.org/is-boolean-object/-/is-boolean-object-1.2.2.tgz 0ms (cache hit)
548 http cache is-array-buffer@https://registry.npmjs.org/is-array-buffer/-/is-array-buffer-3.0.5.tgz 0ms (cache hit)
549 http cache ipaddr.js@https://registry.npmjs.org/ipaddr.js/-/ipaddr.js-2.4.0.tgz 0ms (cache hit)
550 http cache is-async-function@https://registry.npmjs.org/is-async-function/-/is-async-function-2.1.1.tgz 0ms (cache hit)
551 http cache internal-slot@https://registry.npmjs.org/internal-slot/-/internal-slot-1.1.0.tgz 0ms (cache hit)
552 http cache hex-rgb@https://registry.npmjs.org/hex-rgb/-/hex-rgb-4.3.0.tgz 0ms (cache hit)
553 http cache image-size@https://registry.npmjs.org/image-size/-/image-size-2.0.2.tgz 0ms (cache hit)
554 http cache hasown@https://registry.npmjs.org/hasown/-/hasown-2.0.3.tgz 0ms (cache hit)
555 http cache has-tostringtag@https://registry.npmjs.org/has-tostringtag/-/has-tostringtag-1.0.2.tgz 0ms (cache hit)
556 http cache has-symbols@https://registry.npmjs.org/has-symbols/-/has-symbols-1.1.0.tgz 0ms (cache hit)
557 http cache has-proto@https://registry.npmjs.org/has-proto/-/has-proto-1.2.0.tgz 0ms (cache hit)
558 http cache has-bigints@https://registry.npmjs.org/has-bigints/-/has-bigints-1.1.0.tgz 0ms (cache hit)
559 http cache has-property-descriptors@https://registry.npmjs.org/has-property-descriptors/-/has-property-descriptors-1.0.2.tgz 0ms (cache hit)
560 http cache graceful-fs@https://registry.npmjs.org/graceful-fs/-/graceful-fs-4.2.11.tgz 0ms (cache hit)
561 http cache gopd@https://registry.npmjs.org/gopd/-/gopd-1.2.0.tgz 0ms (cache hit)
562 http cache globrex@https://registry.npmjs.org/globrex/-/globrex-0.1.2.tgz 0ms (cache hit)
563 http cache glob-to-regexp@https://registry.npmjs.org/glob-to-regexp/-/glob-to-regexp-0.4.1.tgz 0ms (cache hit)
564 http cache globalthis@https://registry.npmjs.org/globalthis/-/globalthis-1.0.4.tgz 0ms (cache hit)
565 http cache get-tsconfig@https://registry.npmjs.org/get-tsconfig/-/get-tsconfig-4.14.0.tgz 0ms (cache hit)
566 http cache get-symbol-description@https://registry.npmjs.org/get-symbol-description/-/get-symbol-description-1.1.0.tgz 0ms (cache hit)
567 http cache get-intrinsic@https://registry.npmjs.org/get-intrinsic/-/get-intrinsic-1.3.0.tgz 0ms (cache hit)
568 http cache get-proto@https://registry.npmjs.org/get-proto/-/get-proto-1.0.1.tgz 0ms (cache hit)
569 http cache functions-have-names@https://registry.npmjs.org/functions-have-names/-/functions-have-names-1.2.3.tgz 0ms (cache hit)
570 http cache function.prototype.name@https://registry.npmjs.org/function.prototype.name/-/function.prototype.name-1.1.8.tgz 0ms (cache hit)
571 http cache for-each@https://registry.npmjs.org/for-each/-/for-each-0.3.5.tgz 0ms (cache hit)
572 http cache flatted@https://registry.npmjs.org/flatted/-/flatted-3.4.2.tgz 0ms (cache hit)
573 http cache fflate@https://registry.npmjs.org/fflate/-/fflate-0.7.4.tgz 0ms (cache hit)
574 http cache generator-function@https://registry.npmjs.org/generator-function/-/generator-function-2.0.1.tgz 0ms (cache hit)
575 http cache fast-glob@https://registry.npmjs.org/fast-glob/-/fast-glob-3.3.1.tgz 0ms (cache hit)
576 http cache estree-walker@https://registry.npmjs.org/estree-walker/-/estree-walker-3.0.3.tgz 0ms (cache hit)
577 http cache fast-uri@https://registry.npmjs.org/fast-uri/-/fast-uri-3.1.2.tgz 0ms (cache hit)
578 http cache eslint-plugin-jsx-a11y@https://registry.npmjs.org/eslint-plugin-jsx-a11y/-/eslint-plugin-jsx-a11y-6.10.2.tgz 1ms (cache hit)
579 http cache eslint-plugin-react-hooks@https://registry.npmjs.org/eslint-plugin-react-hooks/-/eslint-plugin-react-hooks-7.1.1.tgz 0ms (cache hit)
580 http cache eslint-plugin-react@https://registry.npmjs.org/eslint-plugin-react/-/eslint-plugin-react-7.37.5.tgz 0ms (cache hit)
581 http cache eslint-config-next@https://registry.npmjs.org/eslint-config-next/-/eslint-config-next-16.2.6.tgz 0ms (cache hit)
582 http cache events@https://registry.npmjs.org/events/-/events-3.3.0.tgz 0ms (cache hit)
583 http cache eslint-module-utils@https://registry.npmjs.org/eslint-module-utils/-/eslint-module-utils-2.12.1.tgz 0ms (cache hit)
584 http cache eslint@https://registry.npmjs.org/eslint/-/eslint-9.39.4.tgz 0ms (cache hit)
585 http cache eslint-import-resolver-node@https://registry.npmjs.org/eslint-import-resolver-node/-/eslint-import-resolver-node-0.3.10.tgz 0ms (cache hit)
586 http cache eslint-plugin-import@https://registry.npmjs.org/eslint-plugin-import/-/eslint-plugin-import-2.32.0.tgz 0ms (cache hit)
587 http cache eslint-import-resolver-typescript@https://registry.npmjs.org/eslint-import-resolver-typescript/-/eslint-import-resolver-typescript-3.10.1.tgz 0ms (cache hit)
588 http cache esbuild@https://registry.npmjs.org/esbuild/-/esbuild-0.28.0.tgz 0ms (cache hit)
589 http cache es-to-primitive@https://registry.npmjs.org/es-to-primitive/-/es-to-primitive-1.3.0.tgz 0ms (cache hit)
590 http cache es-object-atoms@https://registry.npmjs.org/es-object-atoms/-/es-object-atoms-1.1.1.tgz 0ms (cache hit)
591 http cache es-shim-unscopables@https://registry.npmjs.org/es-shim-unscopables/-/es-shim-unscopables-1.1.0.tgz 0ms (cache hit)
592 http cache es-set-tostringtag@https://registry.npmjs.org/es-set-tostringtag/-/es-set-tostringtag-2.1.0.tgz 0ms (cache hit)
593 http cache es-module-lexer@https://registry.npmjs.org/es-module-lexer/-/es-module-lexer-2.1.0.tgz 0ms (cache hit)
594 http cache es-errors@https://registry.npmjs.org/es-errors/-/es-errors-1.3.0.tgz 0ms (cache hit)
595 http cache es-iterator-helpers@https://registry.npmjs.org/es-iterator-helpers/-/es-iterator-helpers-1.3.2.tgz 0ms (cache hit)
596 http cache es-define-property@https://registry.npmjs.org/es-define-property/-/es-define-property-1.0.1.tgz 0ms (cache hit)
597 http cache es-abstract@https://registry.npmjs.org/es-abstract/-/es-abstract-1.24.2.tgz 0ms (cache hit)
598 http cache enhanced-resolve@https://registry.npmjs.org/enhanced-resolve/-/enhanced-resolve-5.21.3.tgz 0ms (cache hit)
599 http cache drizzle-orm@https://registry.npmjs.org/drizzle-orm/-/drizzle-orm-0.45.2.tgz 0ms (cache hit)
600 http cache emoji-regex@https://registry.npmjs.org/emoji-regex/-/emoji-regex-9.2.2.tgz 0ms (cache hit)
601 http cache electron-to-chromium@https://registry.npmjs.org/electron-to-chromium/-/electron-to-chromium-1.5.358.tgz 0ms (cache hit)
602 http cache dunder-proto@https://registry.npmjs.org/dunder-proto/-/dunder-proto-1.0.1.tgz 0ms (cache hit)
603 http cache drizzle-kit@https://registry.npmjs.org/drizzle-kit/-/drizzle-kit-0.31.10.tgz 0ms (cache hit)
604 http cache emoji-regex-xs@https://registry.npmjs.org/emoji-regex-xs/-/emoji-regex-xs-2.0.1.tgz 0ms (cache hit)
605 http cache detect-libc@https://registry.npmjs.org/detect-libc/-/detect-libc-2.1.2.tgz 0ms (cache hit)
606 http cache doctrine@https://registry.npmjs.org/doctrine/-/doctrine-2.1.0.tgz 0ms (cache hit)
607 http cache define-properties@https://registry.npmjs.org/define-properties/-/define-properties-1.2.1.tgz 0ms (cache hit)
608 http cache define-data-property@https://registry.npmjs.org/define-data-property/-/define-data-property-1.1.4.tgz 0ms (cache hit)
609 http cache data-view-buffer@https://registry.npmjs.org/data-view-buffer/-/data-view-buffer-1.0.2.tgz 0ms (cache hit)
610 http cache data-view-byte-offset@https://registry.npmjs.org/data-view-byte-offset/-/data-view-byte-offset-1.0.1.tgz 0ms (cache hit)
611 http cache data-view-byte-length@https://registry.npmjs.org/data-view-byte-length/-/data-view-byte-length-1.0.2.tgz 0ms (cache hit)
612 http cache damerau-levenshtein@https://registry.npmjs.org/damerau-levenshtein/-/damerau-levenshtein-1.0.8.tgz 0ms (cache hit)
613 http cache css-gradient-parser@https://registry.npmjs.org/css-gradient-parser/-/css-gradient-parser-0.0.16.tgz 0ms (cache hit)
614 http cache css-box-shadow@https://registry.npmjs.org/css-box-shadow/-/css-box-shadow-1.0.0-3.tgz 0ms (cache hit)
615 http cache css-to-react-native@https://registry.npmjs.org/css-to-react-native/-/css-to-react-native-3.2.0.tgz 0ms (cache hit)
616 http cache css-background-parser@https://registry.npmjs.org/css-background-parser/-/css-background-parser-0.1.0.tgz 0ms (cache hit)
617 http cache css-color-keywords@https://registry.npmjs.org/css-color-keywords/-/css-color-keywords-1.0.0.tgz 0ms (cache hit)
618 http cache camelize@https://registry.npmjs.org/camelize/-/camelize-1.0.1.tgz 0ms (cache hit)
619 http cache client-only@https://registry.npmjs.org/client-only/-/client-only-0.0.1.tgz 0ms (cache hit)
620 http cache caniuse-lite@https://registry.npmjs.org/caniuse-lite/-/caniuse-lite-1.0.30001793.tgz 0ms (cache hit)
621 http cache browserslist@https://registry.npmjs.org/browserslist/-/browserslist-4.28.2.tgz 0ms (cache hit)
622 http cache call-bind-apply-helpers@https://registry.npmjs.org/call-bind-apply-helpers/-/call-bind-apply-helpers-1.0.2.tgz 0ms (cache hit)
623 http cache call-bound@https://registry.npmjs.org/call-bound/-/call-bound-1.0.4.tgz 0ms (cache hit)
624 http cache call-bind@https://registry.npmjs.org/call-bind/-/call-bind-1.0.9.tgz 0ms (cache hit)
625 http cache chrome-trace-event@https://registry.npmjs.org/chrome-trace-event/-/chrome-trace-event-1.0.4.tgz 0ms (cache hit)
626 http cache baseline-browser-mapping@https://registry.npmjs.org/baseline-browser-mapping/-/baseline-browser-mapping-2.10.30.tgz 0ms (cache hit)
627 http cache base64-js@https://registry.npmjs.org/base64-js/-/base64-js-0.0.8.tgz 0ms (cache hit)
628 http cache axobject-query@https://registry.npmjs.org/axobject-query/-/axobject-query-4.1.0.tgz 0ms (cache hit)
629 http cache brace-expansion@https://registry.npmjs.org/brace-expansion/-/brace-expansion-1.1.14.tgz 0ms (cache hit)
630 http cache axe-core@https://registry.npmjs.org/axe-core/-/axe-core-4.11.4.tgz 0ms (cache hit)
631 http cache available-typed-arrays@https://registry.npmjs.org/available-typed-arrays/-/available-typed-arrays-1.0.7.tgz 0ms (cache hit)
632 http cache ast-types-flow@https://registry.npmjs.org/ast-types-flow/-/ast-types-flow-0.0.8.tgz 0ms (cache hit)
633 http cache arraybuffer.prototype.slice@https://registry.npmjs.org/arraybuffer.prototype.slice/-/arraybuffer.prototype.slice-1.0.4.tgz 0ms (cache hit)
634 http cache async-function@https://registry.npmjs.org/async-function/-/async-function-1.0.0.tgz 0ms (cache hit)
635 http cache array.prototype.tosorted@https://registry.npmjs.org/array.prototype.tosorted/-/array.prototype.tosorted-1.1.4.tgz 0ms (cache hit)
636 http cache array.prototype.flatmap@https://registry.npmjs.org/array.prototype.flatmap/-/array.prototype.flatmap-1.3.3.tgz 0ms (cache hit)
637 http cache array.prototype.flat@https://registry.npmjs.org/array.prototype.flat/-/array.prototype.flat-1.3.3.tgz 0ms (cache hit)
638 http cache array.prototype.findlastindex@https://registry.npmjs.org/array.prototype.findlastindex/-/array.prototype.findlastindex-1.2.6.tgz 0ms (cache hit)
639 http cache array.prototype.findlast@https://registry.npmjs.org/array.prototype.findlast/-/array.prototype.findlast-1.2.5.tgz 0ms (cache hit)
640 http cache array-includes@https://registry.npmjs.org/array-includes/-/array-includes-3.1.9.tgz 0ms (cache hit)
641 http cache array-buffer-byte-length@https://registry.npmjs.org/array-buffer-byte-length/-/array-buffer-byte-length-1.0.2.tgz 0ms (cache hit)
642 http cache aria-query@https://registry.npmjs.org/aria-query/-/aria-query-5.3.2.tgz 0ms (cache hit)
643 http cache acorn-loose@https://registry.npmjs.org/acorn-loose/-/acorn-loose-8.5.2.tgz 0ms (cache hit)
644 http cache ajv@https://registry.npmjs.org/ajv/-/ajv-6.15.0.tgz 0ms (cache hit)
645 http cache ajv-formats@https://registry.npmjs.org/ajv-formats/-/ajv-formats-2.1.1.tgz 0ms (cache hit)
646 http cache eslint-visitor-keys@https://registry.npmjs.org/eslint-visitor-keys/-/eslint-visitor-keys-5.0.1.tgz 0ms (cache hit)
647 http cache acorn-import-phases@https://registry.npmjs.org/acorn-import-phases/-/acorn-import-phases-1.0.4.tgz 0ms (cache hit)
648 http cache acorn@https://registry.npmjs.org/acorn/-/acorn-8.16.0.tgz 0ms (cache hit)
649 http cache balanced-match@https://registry.npmjs.org/balanced-match/-/balanced-match-4.0.4.tgz 0ms (cache hit)
650 http cache brace-expansion@https://registry.npmjs.org/brace-expansion/-/brace-expansion-5.0.6.tgz 0ms (cache hit)
651 http cache semver@https://registry.npmjs.org/semver/-/semver-7.8.0.tgz 0ms (cache hit)
652 http cache minimatch@https://registry.npmjs.org/minimatch/-/minimatch-10.2.5.tgz 0ms (cache hit)
653 http cache ignore@https://registry.npmjs.org/ignore/-/ignore-7.0.5.tgz 0ms (cache hit)
654 http cache @rolldown/pluginutils@https://registry.npmjs.org/@rolldown/pluginutils/-/pluginutils-1.0.0-rc.18.tgz 0ms (cache hit)
655 http cache @esbuild/darwin-arm64@https://registry.npmjs.org/@esbuild/darwin-arm64/-/darwin-arm64-0.18.20.tgz 0ms (cache hit)
656 http cache esbuild@https://registry.npmjs.org/esbuild/-/esbuild-0.18.20.tgz 0ms (cache hit)
657 http cache esbuild@https://registry.npmjs.org/esbuild/-/esbuild-0.27.3.tgz 0ms (cache hit)
658 http cache @esbuild/darwin-arm64@https://registry.npmjs.org/@esbuild/darwin-arm64/-/darwin-arm64-0.27.3.tgz 0ms (cache hit)
659 http cache estraverse@https://registry.npmjs.org/estraverse/-/estraverse-4.3.0.tgz 0ms (cache hit)
660 http cache eslint-scope@https://registry.npmjs.org/eslint-scope/-/eslint-scope-5.1.1.tgz 0ms (cache hit)
661 http cache glob-parent@https://registry.npmjs.org/glob-parent/-/glob-parent-5.1.2.tgz 0ms (cache hit)
662 http cache lightningcss@https://registry.npmjs.org/lightningcss/-/lightningcss-1.32.0.tgz 0ms (cache hit)
663 http cache fast-glob@https://registry.npmjs.org/fast-glob/-/fast-glob-3.3.3.tgz 0ms (cache hit)
664 http cache picomatch@https://registry.npmjs.org/picomatch/-/picomatch-4.0.4.tgz 0ms (cache hit)
665 http cache lightningcss-darwin-arm64@https://registry.npmjs.org/lightningcss-darwin-arm64/-/lightningcss-darwin-arm64-1.32.0.tgz 0ms (cache hit)
666 http cache es-module-lexer@https://registry.npmjs.org/es-module-lexer/-/es-module-lexer-1.7.0.tgz 0ms (cache hit)
667 http cache json5@https://registry.npmjs.org/json5/-/json5-1.0.2.tgz 0ms (cache hit)
668 http cache picomatch@https://registry.npmjs.org/picomatch/-/picomatch-4.0.4.tgz 0ms (cache hit)
669 http cache fdir@https://registry.npmjs.org/fdir/-/fdir-6.5.0.tgz 0ms (cache hit)
670 http cache js-tokens@https://registry.npmjs.org/js-tokens/-/js-tokens-9.0.1.tgz 0ms (cache hit)
671 http cache semver@https://registry.npmjs.org/semver/-/semver-7.8.0.tgz 0ms (cache hit)
672 http cache json-schema-traverse@https://registry.npmjs.org/json-schema-traverse/-/json-schema-traverse-1.0.0.tgz 0ms (cache hit)
673 http cache ajv-keywords@https://registry.npmjs.org/ajv-keywords/-/ajv-keywords-5.1.0.tgz 0ms (cache hit)
674 http cache postcss@https://registry.npmjs.org/postcss/-/postcss-8.4.31.tgz 0ms (cache hit)
675 http cache ajv@https://registry.npmjs.org/ajv/-/ajv-8.20.0.tgz 0ms (cache hit)
676 http cache supports-color@https://registry.npmjs.org/supports-color/-/supports-color-8.1.1.tgz 0ms (cache hit)
677 http cache semver@https://registry.npmjs.org/semver/-/semver-7.8.0.tgz 0ms (cache hit)
678 http cache glob-parent@https://registry.npmjs.org/glob-parent/-/glob-parent-5.1.2.tgz 0ms (cache hit)
679 http cache globals@https://registry.npmjs.org/globals/-/globals-16.4.0.tgz 0ms (cache hit)
680 http cache debug@https://registry.npmjs.org/debug/-/debug-3.2.7.tgz 0ms (cache hit)
681 http cache debug@https://registry.npmjs.org/debug/-/debug-3.2.7.tgz 0ms (cache hit)
682 http cache esbuild@https://registry.npmjs.org/esbuild/-/esbuild-0.25.12.tgz 0ms (cache hit)
683 http cache debug@https://registry.npmjs.org/debug/-/debug-3.2.7.tgz 0ms (cache hit)
684 http cache json-schema-traverse@https://registry.npmjs.org/json-schema-traverse/-/json-schema-traverse-1.0.0.tgz 0ms (cache hit)
685 http cache @esbuild/darwin-arm64@https://registry.npmjs.org/@esbuild/darwin-arm64/-/darwin-arm64-0.25.12.tgz 0ms (cache hit)
686 silly tarball no local data for @xtuc/long@https://registry.npmjs.org/@xtuc/long/-/long-4.2.2.tgz. Extracting by manifest.
687 silly tarball no local data for @xtuc/ieee754@https://registry.npmjs.org/@xtuc/ieee754/-/ieee754-1.2.0.tgz. Extracting by manifest.
688 silly tarball no local data for @webassemblyjs/wast-printer@https://registry.npmjs.org/@webassemblyjs/wast-printer/-/wast-printer-1.14.1.tgz. Extracting by manifest.
689 silly tarball no local data for @webassemblyjs/wasm-parser@https://registry.npmjs.org/@webassemblyjs/wasm-parser/-/wasm-parser-1.14.1.tgz. Extracting by manifest.
690 silly tarball no local data for @webassemblyjs/wasm-opt@https://registry.npmjs.org/@webassemblyjs/wasm-opt/-/wasm-opt-1.14.1.tgz. Extracting by manifest.
691 silly tarball no local data for @webassemblyjs/wasm-edit@https://registry.npmjs.org/@webassemblyjs/wasm-edit/-/wasm-edit-1.14.1.tgz. Extracting by manifest.
692 silly tarball no local data for @webassemblyjs/utf8@https://registry.npmjs.org/@webassemblyjs/utf8/-/utf8-1.13.2.tgz. Extracting by manifest.
693 http cache ajv@https://registry.npmjs.org/ajv/-/ajv-8.20.0.tgz 0ms (cache hit)
694 silly tarball no local data for @webassemblyjs/wasm-gen@https://registry.npmjs.org/@webassemblyjs/wasm-gen/-/wasm-gen-1.14.1.tgz. Extracting by manifest.
695 silly tarball no local data for @webassemblyjs/leb128@https://registry.npmjs.org/@webassemblyjs/leb128/-/leb128-1.13.2.tgz. Extracting by manifest.
696 silly tarball no local data for @webassemblyjs/helper-numbers@https://registry.npmjs.org/@webassemblyjs/helper-numbers/-/helper-numbers-1.13.2.tgz. Extracting by manifest.
697 silly tarball no local data for @webassemblyjs/helper-wasm-section@https://registry.npmjs.org/@webassemblyjs/helper-wasm-section/-/helper-wasm-section-1.14.1.tgz. Extracting by manifest.
698 silly tarball no local data for @webassemblyjs/ieee754@https://registry.npmjs.org/@webassemblyjs/ieee754/-/ieee754-1.13.2.tgz. Extracting by manifest.
699 silly tarball no local data for @webassemblyjs/helper-wasm-bytecode@https://registry.npmjs.org/@webassemblyjs/helper-wasm-bytecode/-/helper-wasm-bytecode-1.13.2.tgz. Extracting by manifest.
700 silly tarball no local data for @webassemblyjs/helper-buffer@https://registry.npmjs.org/@webassemblyjs/helper-buffer/-/helper-buffer-1.14.1.tgz. Extracting by manifest.
701 silly tarball no local data for @webassemblyjs/floating-point-hex-parser@https://registry.npmjs.org/@webassemblyjs/floating-point-hex-parser/-/floating-point-hex-parser-1.13.2.tgz. Extracting by manifest.
702 silly tarball no local data for @webassemblyjs/ast@https://registry.npmjs.org/@webassemblyjs/ast/-/ast-1.14.1.tgz. Extracting by manifest.
703 silly tarball no local data for @webassemblyjs/helper-api-error@https://registry.npmjs.org/@webassemblyjs/helper-api-error/-/helper-api-error-1.13.2.tgz. Extracting by manifest.
704 silly tarball no local data for @vitejs/plugin-rsc@https://registry.npmjs.org/@vitejs/plugin-rsc/-/plugin-rsc-0.5.26.tgz. Extracting by manifest.
705 silly tarball no local data for @vitejs/plugin-react@https://registry.npmjs.org/@vitejs/plugin-react/-/plugin-react-6.0.2.tgz. Extracting by manifest.
706 silly tarball no local data for @vercel/og@https://registry.npmjs.org/@vercel/og/-/og-0.8.6.tgz. Extracting by manifest.
707 silly tarball no local data for @unpic/react@https://registry.npmjs.org/@unpic/react/-/react-1.0.2.tgz. Extracting by manifest.
708 silly tarball no local data for @unpic/core@https://registry.npmjs.org/@unpic/core/-/core-1.0.3.tgz. Extracting by manifest.
709 silly tarball no local data for @unrs/resolver-binding-darwin-arm64@https://registry.npmjs.org/@unrs/resolver-binding-darwin-arm64/-/resolver-binding-darwin-arm64-1.11.1.tgz. Extracting by manifest.
710 silly tarball no local data for @typescript-eslint/utils@https://registry.npmjs.org/@typescript-eslint/utils/-/utils-8.59.3.tgz. Extracting by manifest.
711 silly tarball no local data for @typescript-eslint/visitor-keys@https://registry.npmjs.org/@typescript-eslint/visitor-keys/-/visitor-keys-8.59.3.tgz. Extracting by manifest.
712 silly tarball no local data for @typescript-eslint/types@https://registry.npmjs.org/@typescript-eslint/types/-/types-8.59.3.tgz. Extracting by manifest.
713 silly tarball no local data for @typescript-eslint/tsconfig-utils@https://registry.npmjs.org/@typescript-eslint/tsconfig-utils/-/tsconfig-utils-8.59.3.tgz. Extracting by manifest.
714 silly tarball no local data for @typescript-eslint/typescript-estree@https://registry.npmjs.org/@typescript-eslint/typescript-estree/-/typescript-estree-8.59.3.tgz. Extracting by manifest.
715 silly tarball no local data for @typescript-eslint/type-utils@https://registry.npmjs.org/@typescript-eslint/type-utils/-/type-utils-8.59.3.tgz. Extracting by manifest.
716 silly tarball no local data for @typescript-eslint/project-service@https://registry.npmjs.org/@typescript-eslint/project-service/-/project-service-8.59.3.tgz. Extracting by manifest.
717 silly tarball no local data for @typescript-eslint/parser@https://registry.npmjs.org/@typescript-eslint/parser/-/parser-8.59.3.tgz. Extracting by manifest.
718 silly tarball no local data for @typescript-eslint/scope-manager@https://registry.npmjs.org/@typescript-eslint/scope-manager/-/scope-manager-8.59.3.tgz. Extracting by manifest.
719 silly tarball no local data for @typescript-eslint/eslint-plugin@https://registry.npmjs.org/@typescript-eslint/eslint-plugin/-/eslint-plugin-8.59.3.tgz. Extracting by manifest.
720 silly tarball no local data for @tailwindcss/oxide-darwin-arm64@https://registry.npmjs.org/@tailwindcss/oxide-darwin-arm64/-/oxide-darwin-arm64-4.2.1.tgz. Extracting by manifest.
721 silly tarball no local data for @tailwindcss/postcss@https://registry.npmjs.org/@tailwindcss/postcss/-/postcss-4.2.1.tgz. Extracting by manifest.
722 silly tarball no local data for @tailwindcss/oxide@https://registry.npmjs.org/@tailwindcss/oxide/-/oxide-4.2.1.tgz. Extracting by manifest.
723 silly tarball no local data for @types/node@https://registry.npmjs.org/@types/node/-/node-22.19.19.tgz. Extracting by manifest.
724 silly tarball no local data for @types/eslint@https://registry.npmjs.org/@types/eslint/-/eslint-9.6.1.tgz. Extracting by manifest.
725 silly tarball no local data for @tailwindcss/node@https://registry.npmjs.org/@tailwindcss/node/-/node-4.2.1.tgz. Extracting by manifest.
726 silly tarball no local data for @types/eslint-scope@https://registry.npmjs.org/@types/eslint-scope/-/eslint-scope-3.7.7.tgz. Extracting by manifest.
727 silly tarball no local data for @types/json5@https://registry.npmjs.org/@types/json5/-/json5-0.0.29.tgz. Extracting by manifest.
728 silly tarball no local data for @tybys/wasm-util@https://registry.npmjs.org/@tybys/wasm-util/-/wasm-util-0.10.2.tgz. Extracting by manifest.
729 silly tarball no local data for @shuding/opentype.js@https://registry.npmjs.org/@shuding/opentype.js/-/opentype.js-1.4.0-beta.0.tgz. Extracting by manifest.
730 silly tarball no local data for @rolldown/pluginutils@https://registry.npmjs.org/@rolldown/pluginutils/-/pluginutils-1.0.1.tgz. Extracting by manifest.
731 silly tarball no local data for @swc/helpers@https://registry.npmjs.org/@swc/helpers/-/helpers-0.5.15.tgz. Extracting by manifest.
732 silly tarball no local data for @rolldown/binding-darwin-arm64@https://registry.npmjs.org/@rolldown/binding-darwin-arm64/-/binding-darwin-arm64-1.0.1.tgz. Extracting by manifest.
733 silly tarball no local data for @resvg/resvg-wasm@https://registry.npmjs.org/@resvg/resvg-wasm/-/resvg-wasm-2.4.0.tgz. Extracting by manifest.
734 silly tarball no local data for @nolyfill/is-core-module@https://registry.npmjs.org/@nolyfill/is-core-module/-/is-core-module-1.0.39.tgz. Extracting by manifest.
735 silly tarball no local data for @oxc-project/types@https://registry.npmjs.org/@oxc-project/types/-/types-0.130.0.tgz. Extracting by manifest.
736 silly tarball no local data for @next/swc-darwin-arm64@https://registry.npmjs.org/@next/swc-darwin-arm64/-/swc-darwin-arm64-16.2.6.tgz. Extracting by manifest.
737 silly tarball no local data for @next/env@https://registry.npmjs.org/@next/env/-/env-16.2.6.tgz. Extracting by manifest.
738 silly tarball no local data for @next/eslint-plugin-next@https://registry.npmjs.org/@next/eslint-plugin-next/-/eslint-plugin-next-16.2.6.tgz. Extracting by manifest.
739 silly tarball no local data for @img/sharp-libvips-darwin-arm64@https://registry.npmjs.org/@img/sharp-libvips-darwin-arm64/-/sharp-libvips-darwin-arm64-1.2.4.tgz. Extracting by manifest.
740 silly tarball no local data for @img/sharp-darwin-arm64@https://registry.npmjs.org/@img/sharp-darwin-arm64/-/sharp-darwin-arm64-0.34.5.tgz. Extracting by manifest.
741 silly tarball no local data for @img/colour@https://registry.npmjs.org/@img/colour/-/colour-1.1.0.tgz. Extracting by manifest.
742 silly tarball no local data for @humanfs/node@https://registry.npmjs.org/@humanfs/node/-/node-0.16.8.tgz. Extracting by manifest.
743 silly tarball no local data for @humanfs/types@https://registry.npmjs.org/@humanfs/types/-/types-0.15.0.tgz. Extracting by manifest.
744 silly tarball no local data for @humanfs/core@https://registry.npmjs.org/@humanfs/core/-/core-0.19.2.tgz. Extracting by manifest.
745 silly tarball no local data for @rtsao/scc@https://registry.npmjs.org/@rtsao/scc/-/scc-1.1.0.tgz. Extracting by manifest.
746 silly tarball no local data for @eslint/eslintrc@https://registry.npmjs.org/@eslint/eslintrc/-/eslintrc-3.3.5.tgz. Extracting by manifest.
747 silly tarball no local data for @eslint/config-array@https://registry.npmjs.org/@eslint/config-array/-/config-array-0.21.2.tgz. Extracting by manifest.
748 silly tarball no local data for @esbuild-kit/esm-loader@https://registry.npmjs.org/@esbuild-kit/esm-loader/-/esm-loader-2.6.5.tgz. Extracting by manifest.
749 silly tarball no local data for @eslint/js@https://registry.npmjs.org/@eslint/js/-/js-9.39.4.tgz. Extracting by manifest.
750 silly tarball no local data for @esbuild/darwin-arm64@https://registry.npmjs.org/@esbuild/darwin-arm64/-/darwin-arm64-0.28.0.tgz. Extracting by manifest.
751 silly tarball no local data for @esbuild-kit/core-utils@https://registry.npmjs.org/@esbuild-kit/core-utils/-/core-utils-3.3.2.tgz. Extracting by manifest.
752 silly tarball no local data for @emnapi/core@https://registry.npmjs.org/@emnapi/core/-/core-1.10.0.tgz. Extracting by manifest.
753 silly tarball no local data for @emnapi/runtime@https://registry.npmjs.org/@emnapi/runtime/-/runtime-1.10.0.tgz. Extracting by manifest.
754 silly tarball no local data for @drizzle-team/brocli@https://registry.npmjs.org/@drizzle-team/brocli/-/brocli-0.10.2.tgz. Extracting by manifest.
755 silly tarball no local data for @babel/parser@https://registry.npmjs.org/@babel/parser/-/parser-7.29.3.tgz. Extracting by manifest.
756 silly tarball no local data for @cloudflare/workerd-darwin-arm64@https://registry.npmjs.org/@cloudflare/workerd-darwin-arm64/-/workerd-darwin-arm64-1.20260515.1.tgz. Extracting by manifest.
757 silly tarball no local data for @emnapi/wasi-threads@https://registry.npmjs.org/@emnapi/wasi-threads/-/wasi-threads-1.2.1.tgz. Extracting by manifest.
758 silly tarball no local data for @cloudflare/vite-plugin@https://registry.npmjs.org/@cloudflare/vite-plugin/-/vite-plugin-1.37.1.tgz. Extracting by manifest.
759 silly tarball no local data for @babel/helpers@https://registry.npmjs.org/@babel/helpers/-/helpers-7.29.2.tgz. Extracting by manifest.
760 silly tarball no local data for zod@https://registry.npmjs.org/zod/-/zod-4.4.3.tgz. Extracting by manifest.
761 silly tarball no local data for @babel/compat-data@https://registry.npmjs.org/@babel/compat-data/-/compat-data-7.29.3.tgz. Extracting by manifest.
762 silly tarball no local data for yoga-layout@https://registry.npmjs.org/yoga-layout/-/yoga-layout-3.2.1.tgz. Extracting by manifest.
763 silly tarball no local data for wrangler@https://registry.npmjs.org/wrangler/-/wrangler-4.92.0.tgz. Extracting by manifest.
764 silly tarball no local data for workerd@https://registry.npmjs.org/workerd/-/workerd-1.20260515.1.tgz. Extracting by manifest.
765 silly tarball no local data for which-typed-array@https://registry.npmjs.org/which-typed-array/-/which-typed-array-1.1.20.tgz. Extracting by manifest.
766 silly tarball no local data for which-collection@https://registry.npmjs.org/which-collection/-/which-collection-1.0.2.tgz. Extracting by manifest.
767 silly tarball no local data for which-builtin-type@https://registry.npmjs.org/which-builtin-type/-/which-builtin-type-1.2.1.tgz. Extracting by manifest.
768 silly tarball no local data for which@https://registry.npmjs.org/which/-/which-2.0.2.tgz. Extracting by manifest.
769 silly tarball no local data for webpack-sources@https://registry.npmjs.org/webpack-sources/-/webpack-sources-3.4.1.tgz. Extracting by manifest.
770 silly tarball no local data for webpack@https://registry.npmjs.org/webpack/-/webpack-5.106.2.tgz. Extracting by manifest.
771 silly tarball no local data for which-boxed-primitive@https://registry.npmjs.org/which-boxed-primitive/-/which-boxed-primitive-1.1.1.tgz. Extracting by manifest.
772 silly tarball no local data for web-vitals@https://registry.npmjs.org/web-vitals/-/web-vitals-4.2.4.tgz. Extracting by manifest.
773 silly tarball no local data for watchpack@https://registry.npmjs.org/watchpack/-/watchpack-2.5.1.tgz. Extracting by manifest.
774 silly tarball no local data for vitefu@https://registry.npmjs.org/vitefu/-/vitefu-1.1.3.tgz. Extracting by manifest.
775 silly tarball no local data for vite-tsconfig-paths@https://registry.npmjs.org/vite-tsconfig-paths/-/vite-tsconfig-paths-6.1.1.tgz. Extracting by manifest.
776 silly tarball no local data for vite-plugin-dynamic-import@https://registry.npmjs.org/vite-plugin-dynamic-import/-/vite-plugin-dynamic-import-1.6.0.tgz. Extracting by manifest.
777 silly tarball no local data for vite-plugin-commonjs@https://registry.npmjs.org/vite-plugin-commonjs/-/vite-plugin-commonjs-0.10.4.tgz. Extracting by manifest.
778 silly tarball no local data for vite@https://registry.npmjs.org/vite/-/vite-8.0.13.tgz. Extracting by manifest.
779 silly tarball no local data for unrs-resolver@https://registry.npmjs.org/unrs-resolver/-/unrs-resolver-1.11.1.tgz. Extracting by manifest.
780 silly tarball no local data for vinext@https://registry.npmjs.org/vinext/-/vinext-0.0.50.tgz. Extracting by manifest.
781 silly tarball no local data for update-browserslist-db@https://registry.npmjs.org/update-browserslist-db/-/update-browserslist-db-1.2.3.tgz. Extracting by manifest.
782 silly tarball no local data for undici-types@https://registry.npmjs.org/undici-types/-/undici-types-6.21.0.tgz. Extracting by manifest.
783 silly tarball no local data for unpic@https://registry.npmjs.org/unpic/-/unpic-4.2.2.tgz. Extracting by manifest.
784 silly tarball no local data for unicode-trie@https://registry.npmjs.org/unicode-trie/-/unicode-trie-2.0.0.tgz. Extracting by manifest.
785 silly tarball no local data for typescript-eslint@https://registry.npmjs.org/typescript-eslint/-/typescript-eslint-8.59.3.tgz. Extracting by manifest.
786 silly tarball no local data for unbox-primitive@https://registry.npmjs.org/unbox-primitive/-/unbox-primitive-1.1.0.tgz. Extracting by manifest.
787 silly tarball no local data for typescript@https://registry.npmjs.org/typescript/-/typescript-5.9.3.tgz. Extracting by manifest.
788 silly tarball no local data for typed-array-length@https://registry.npmjs.org/typed-array-length/-/typed-array-length-1.0.7.tgz. Extracting by manifest.
789 silly tarball no local data for typed-array-byte-offset@https://registry.npmjs.org/typed-array-byte-offset/-/typed-array-byte-offset-1.0.4.tgz. Extracting by manifest.
790 silly tarball no local data for turbo-stream@https://registry.npmjs.org/turbo-stream/-/turbo-stream-3.2.0.tgz. Extracting by manifest.
791 silly tarball no local data for typed-array-buffer@https://registry.npmjs.org/typed-array-buffer/-/typed-array-buffer-1.0.3.tgz. Extracting by manifest.
792 silly tarball no local data for tsx@https://registry.npmjs.org/tsx/-/tsx-4.22.1.tgz. Extracting by manifest.
793 silly tarball no local data for typed-array-byte-length@https://registry.npmjs.org/typed-array-byte-length/-/typed-array-byte-length-1.0.3.tgz. Extracting by manifest.
794 silly tarball no local data for tsconfig-paths@https://registry.npmjs.org/tsconfig-paths/-/tsconfig-paths-3.15.0.tgz. Extracting by manifest.
795 silly tarball no local data for tslib@https://registry.npmjs.org/tslib/-/tslib-2.8.1.tgz. Extracting by manifest.
796 silly tarball no local data for tsconfck@https://registry.npmjs.org/tsconfck/-/tsconfck-3.1.6.tgz. Extracting by manifest.
797 silly tarball no local data for tinyglobby@https://registry.npmjs.org/tinyglobby/-/tinyglobby-0.2.16.tgz. Extracting by manifest.
798 silly tarball no local data for ts-api-utils@https://registry.npmjs.org/ts-api-utils/-/ts-api-utils-2.5.0.tgz. Extracting by manifest.
799 silly tarball no local data for tiny-inflate@https://registry.npmjs.org/tiny-inflate/-/tiny-inflate-1.0.3.tgz. Extracting by manifest.
800 silly tarball no local data for terser-webpack-plugin@https://registry.npmjs.org/terser-webpack-plugin/-/terser-webpack-plugin-5.6.0.tgz. Extracting by manifest.
801 silly tarball no local data for tapable@https://registry.npmjs.org/tapable/-/tapable-2.3.3.tgz. Extracting by manifest.
802 silly tarball no local data for terser@https://registry.npmjs.org/terser/-/terser-5.47.1.tgz. Extracting by manifest.
803 silly tarball no local data for strip-bom@https://registry.npmjs.org/strip-bom/-/strip-bom-3.0.0.tgz. Extracting by manifest.
804 silly tarball no local data for styled-jsx@https://registry.npmjs.org/styled-jsx/-/styled-jsx-5.1.6.tgz. Extracting by manifest.
805 silly tarball no local data for strip-literal@https://registry.npmjs.org/strip-literal/-/strip-literal-3.1.0.tgz. Extracting by manifest.
806 silly tarball no local data for tailwindcss@https://registry.npmjs.org/tailwindcss/-/tailwindcss-4.2.1.tgz. Extracting by manifest.
807 silly tarball no local data for string.prototype.trimend@https://registry.npmjs.org/string.prototype.trimend/-/string.prototype.trimend-1.0.9.tgz. Extracting by manifest.
808 silly tarball no local data for string.prototype.trimstart@https://registry.npmjs.org/string.prototype.trimstart/-/string.prototype.trimstart-1.0.8.tgz. Extracting by manifest.
809 silly tarball no local data for string.prototype.trim@https://registry.npmjs.org/string.prototype.trim/-/string.prototype.trim-1.2.10.tgz. Extracting by manifest.
810 silly tarball no local data for string.prototype.includes@https://registry.npmjs.org/string.prototype.includes/-/string.prototype.includes-2.0.1.tgz. Extracting by manifest.
811 silly tarball no local data for string.prototype.matchall@https://registry.npmjs.org/string.prototype.matchall/-/string.prototype.matchall-4.0.12.tgz. Extracting by manifest.
812 silly tarball no local data for string.prototype.repeat@https://registry.npmjs.org/string.prototype.repeat/-/string.prototype.repeat-1.0.0.tgz. Extracting by manifest.
813 silly tarball no local data for string.prototype.codepointat@https://registry.npmjs.org/string.prototype.codepointat/-/string.prototype.codepointat-0.2.1.tgz. Extracting by manifest.
814 silly tarball no local data for stop-iteration-iterator@https://registry.npmjs.org/stop-iteration-iterator/-/stop-iteration-iterator-1.1.0.tgz. Extracting by manifest.
815 silly tarball no local data for stable-hash@https://registry.npmjs.org/stable-hash/-/stable-hash-0.0.5.tgz. Extracting by manifest.
816 silly tarball no local data for side-channel-weakmap@https://registry.npmjs.org/side-channel-weakmap/-/side-channel-weakmap-1.0.2.tgz. Extracting by manifest.
817 silly tarball no local data for side-channel-map@https://registry.npmjs.org/side-channel-map/-/side-channel-map-1.0.1.tgz. Extracting by manifest.
818 silly tarball no local data for srvx@https://registry.npmjs.org/srvx/-/srvx-0.11.15.tgz. Extracting by manifest.
819 silly tarball no local data for side-channel@https://registry.npmjs.org/side-channel/-/side-channel-1.1.0.tgz. Extracting by manifest.
820 silly tarball no local data for sharp@https://registry.npmjs.org/sharp/-/sharp-0.34.5.tgz. Extracting by manifest.
821 silly tarball no local data for side-channel-list@https://registry.npmjs.org/side-channel-list/-/side-channel-list-1.0.1.tgz. Extracting by manifest.
822 silly tarball no local data for set-proto@https://registry.npmjs.org/set-proto/-/set-proto-1.0.0.tgz. Extracting by manifest.
823 silly tarball no local data for set-function-name@https://registry.npmjs.org/set-function-name/-/set-function-name-2.0.2.tgz. Extracting by manifest.
824 silly tarball no local data for set-function-length@https://registry.npmjs.org/set-function-length/-/set-function-length-1.2.2.tgz. Extracting by manifest.
825 silly tarball no local data for schema-utils@https://registry.npmjs.org/schema-utils/-/schema-utils-4.3.3.tgz. Extracting by manifest.
826 silly tarball no local data for satori@https://registry.npmjs.org/satori/-/satori-0.16.0.tgz. Extracting by manifest.
827 silly tarball no local data for semver@https://registry.npmjs.org/semver/-/semver-6.3.1.tgz. Extracting by manifest.
828 silly tarball no local data for rolldown@https://registry.npmjs.org/rolldown/-/rolldown-1.0.1.tgz. Extracting by manifest.
829 silly tarball no local data for safe-regex-test@https://registry.npmjs.org/safe-regex-test/-/safe-regex-test-1.1.0.tgz. Extracting by manifest.
830 silly tarball no local data for safe-push-apply@https://registry.npmjs.org/safe-push-apply/-/safe-push-apply-1.0.0.tgz. Extracting by manifest.
831 silly tarball no local data for safe-array-concat@https://registry.npmjs.org/safe-array-concat/-/safe-array-concat-1.1.4.tgz. Extracting by manifest.
832 silly tarball no local data for resolve-pkg-maps@https://registry.npmjs.org/resolve-pkg-maps/-/resolve-pkg-maps-1.0.0.tgz. Extracting by manifest.
833 silly tarball no local data for require-from-string@https://registry.npmjs.org/require-from-string/-/require-from-string-2.0.2.tgz. Extracting by manifest.
834 silly tarball no local data for regexp.prototype.flags@https://registry.npmjs.org/regexp.prototype.flags/-/regexp.prototype.flags-1.5.4.tgz. Extracting by manifest.
835 silly tarball no local data for resolve@https://registry.npmjs.org/resolve/-/resolve-2.0.0-next.7.tgz. Extracting by manifest.
836 silly tarball no local data for reflect.getprototypeof@https://registry.npmjs.org/reflect.getprototypeof/-/reflect.getprototypeof-1.0.10.tgz. Extracting by manifest.
837 silly tarball no local data for react-loading-skeleton@https://registry.npmjs.org/react-loading-skeleton/-/react-loading-skeleton-3.5.0.tgz. Extracting by manifest.
838 silly tarball no local data for react-server-dom-webpack@https://registry.npmjs.org/react-server-dom-webpack/-/react-server-dom-webpack-19.2.6.tgz. Extracting by manifest.
839 silly tarball no local data for react-is@https://registry.npmjs.org/react-is/-/react-is-16.13.1.tgz. Extracting by manifest.
840 silly tarball no local data for react-dom@https://registry.npmjs.org/react-dom/-/react-dom-19.2.6.tgz. Extracting by manifest.
841 silly tarball no local data for react@https://registry.npmjs.org/react/-/react-19.2.6.tgz. Extracting by manifest.
842 silly tarball no local data for prop-types@https://registry.npmjs.org/prop-types/-/prop-types-15.8.1.tgz. Extracting by manifest.
843 silly tarball no local data for picomatch@https://registry.npmjs.org/picomatch/-/picomatch-2.3.2.tgz. Extracting by manifest.
844 silly tarball no local data for possible-typed-array-names@https://registry.npmjs.org/possible-typed-array-names/-/possible-typed-array-names-1.1.0.tgz. Extracting by manifest.
845 silly tarball no local data for postcss@https://registry.npmjs.org/postcss/-/postcss-8.5.14.tgz. Extracting by manifest.
846 silly tarball no local data for parse-css-color@https://registry.npmjs.org/parse-css-color/-/parse-css-color-0.2.1.tgz. Extracting by manifest.
847 silly tarball no local data for own-keys@https://registry.npmjs.org/own-keys/-/own-keys-1.0.1.tgz. Extracting by manifest.
848 silly tarball no local data for pako@https://registry.npmjs.org/pako/-/pako-0.2.9.tgz. Extracting by manifest.
849 silly tarball no local data for object.groupby@https://registry.npmjs.org/object.groupby/-/object.groupby-1.0.3.tgz. Extracting by manifest.
850 silly tarball no local data for object.fromentries@https://registry.npmjs.org/object.fromentries/-/object.fromentries-2.0.8.tgz. Extracting by manifest.
851 silly tarball no local data for object.assign@https://registry.npmjs.org/object.assign/-/object.assign-4.1.7.tgz. Extracting by manifest.
852 silly tarball no local data for object.values@https://registry.npmjs.org/object.values/-/object.values-1.2.1.tgz. Extracting by manifest.
853 silly tarball no local data for object.entries@https://registry.npmjs.org/object.entries/-/object.entries-1.1.9.tgz. Extracting by manifest.
854 silly tarball no local data for object-keys@https://registry.npmjs.org/object-keys/-/object-keys-1.1.1.tgz. Extracting by manifest.
855 silly tarball no local data for object-inspect@https://registry.npmjs.org/object-inspect/-/object-inspect-1.13.4.tgz. Extracting by manifest.
856 silly tarball no local data for node-exports-info@https://registry.npmjs.org/node-exports-info/-/node-exports-info-1.6.0.tgz. Extracting by manifest.
857 silly tarball no local data for neo-async@https://registry.npmjs.org/neo-async/-/neo-async-2.6.2.tgz. Extracting by manifest.
858 silly tarball no local data for node-releases@https://registry.npmjs.org/node-releases/-/node-releases-2.0.44.tgz. Extracting by manifest.
859 silly tarball no local data for next@https://registry.npmjs.org/next/-/next-16.2.6.tgz. Extracting by manifest.
860 silly tarball no local data for napi-postinstall@https://registry.npmjs.org/napi-postinstall/-/napi-postinstall-0.3.4.tgz. Extracting by manifest.
861 silly tarball no local data for minimatch@https://registry.npmjs.org/minimatch/-/minimatch-3.1.5.tgz. Extracting by manifest.
862 silly tarball no local data for nanoid@https://registry.npmjs.org/nanoid/-/nanoid-3.3.12.tgz. Extracting by manifest.
863 silly tarball no local data for miniflare@https://registry.npmjs.org/miniflare/-/miniflare-4.20260515.0.tgz. Extracting by manifest.
864 silly tarball no local data for math-intrinsics@https://registry.npmjs.org/math-intrinsics/-/math-intrinsics-1.1.0.tgz. Extracting by manifest.
865 silly tarball no local data for minimist@https://registry.npmjs.org/minimist/-/minimist-1.2.8.tgz. Extracting by manifest.
866 silly tarball no local data for magic-string@https://registry.npmjs.org/magic-string/-/magic-string-0.30.21.tgz. Extracting by manifest.
867 silly tarball no local data for linebreak@https://registry.npmjs.org/linebreak/-/linebreak-1.1.0.tgz. Extracting by manifest.
868 silly tarball no local data for loose-envify@https://registry.npmjs.org/loose-envify/-/loose-envify-1.4.0.tgz. Extracting by manifest.
869 silly tarball no local data for loader-runner@https://registry.npmjs.org/loader-runner/-/loader-runner-4.3.2.tgz. Extracting by manifest.
870 silly tarball no local data for lightningcss-darwin-arm64@https://registry.npmjs.org/lightningcss-darwin-arm64/-/lightningcss-darwin-arm64-1.31.1.tgz. Extracting by manifest.
871 silly tarball no local data for language-subtag-registry@https://registry.npmjs.org/language-subtag-registry/-/language-subtag-registry-0.3.23.tgz. Extracting by manifest.
872 silly tarball no local data for json5@https://registry.npmjs.org/json5/-/json5-2.2.3.tgz. Extracting by manifest.
873 silly tarball no local data for lightningcss@https://registry.npmjs.org/lightningcss/-/lightningcss-1.31.1.tgz. Extracting by manifest.
874 silly tarball no local data for language-tags@https://registry.npmjs.org/language-tags/-/language-tags-1.0.9.tgz. Extracting by manifest.
875 silly tarball no local data for jsx-ast-utils@https://registry.npmjs.org/jsx-ast-utils/-/jsx-ast-utils-3.3.5.tgz. Extracting by manifest.
876 silly tarball no local data for jsesc@https://registry.npmjs.org/jsesc/-/jsesc-3.1.0.tgz. Extracting by manifest.
877 silly tarball no local data for jiti@https://registry.npmjs.org/jiti/-/jiti-2.7.0.tgz. Extracting by manifest.
878 silly tarball no local data for jest-worker@https://registry.npmjs.org/jest-worker/-/jest-worker-27.5.1.tgz. Extracting by manifest.
879 silly tarball no local data for iterator.prototype@https://registry.npmjs.org/iterator.prototype/-/iterator.prototype-1.1.5.tgz. Extracting by manifest.
880 silly tarball no local data for is-weakset@https://registry.npmjs.org/is-weakset/-/is-weakset-2.0.4.tgz. Extracting by manifest.
881 silly tarball no local data for js-yaml@https://registry.npmjs.org/js-yaml/-/js-yaml-4.1.1.tgz. Extracting by manifest.
882 silly tarball no local data for isarray@https://registry.npmjs.org/isarray/-/isarray-2.0.5.tgz. Extracting by manifest.
883 silly tarball no local data for is-weakref@https://registry.npmjs.org/is-weakref/-/is-weakref-1.1.1.tgz. Extracting by manifest.
884 silly tarball no local data for is-typed-array@https://registry.npmjs.org/is-typed-array/-/is-typed-array-1.1.15.tgz. Extracting by manifest.
885 silly tarball no local data for is-weakmap@https://registry.npmjs.org/is-weakmap/-/is-weakmap-2.0.2.tgz. Extracting by manifest.
886 silly tarball no local data for is-string@https://registry.npmjs.org/is-string/-/is-string-1.1.1.tgz. Extracting by manifest.
887 silly tarball no local data for is-symbol@https://registry.npmjs.org/is-symbol/-/is-symbol-1.1.1.tgz. Extracting by manifest.
888 silly tarball no local data for is-shared-array-buffer@https://registry.npmjs.org/is-shared-array-buffer/-/is-shared-array-buffer-1.0.4.tgz. Extracting by manifest.
889 silly tarball no local data for is-set@https://registry.npmjs.org/is-set/-/is-set-2.0.3.tgz. Extracting by manifest.
890 silly tarball no local data for is-regex@https://registry.npmjs.org/is-regex/-/is-regex-1.2.1.tgz. Extracting by manifest.
891 silly tarball no local data for is-number-object@https://registry.npmjs.org/is-number-object/-/is-number-object-1.1.1.tgz. Extracting by manifest.
892 silly tarball no local data for is-negative-zero@https://registry.npmjs.org/is-negative-zero/-/is-negative-zero-2.0.3.tgz. Extracting by manifest.
893 silly tarball no local data for is-map@https://registry.npmjs.org/is-map/-/is-map-2.0.3.tgz. Extracting by manifest.
894 silly tarball no local data for is-generator-function@https://registry.npmjs.org/is-generator-function/-/is-generator-function-1.1.2.tgz. Extracting by manifest.
895 silly tarball no local data for is-finalizationregistry@https://registry.npmjs.org/is-finalizationregistry/-/is-finalizationregistry-1.1.1.tgz. Extracting by manifest.
896 silly tarball no local data for is-date-object@https://registry.npmjs.org/is-date-object/-/is-date-object-1.1.0.tgz. Extracting by manifest.
897 silly tarball no local data for is-data-view@https://registry.npmjs.org/is-data-view/-/is-data-view-1.0.2.tgz. Extracting by manifest.
898 silly tarball no local data for is-core-module@https://registry.npmjs.org/is-core-module/-/is-core-module-2.16.2.tgz. Extracting by manifest.
899 silly tarball no local data for is-callable@https://registry.npmjs.org/is-callable/-/is-callable-1.2.7.tgz. Extracting by manifest.
900 silly tarball no local data for is-bun-module@https://registry.npmjs.org/is-bun-module/-/is-bun-module-2.0.0.tgz. Extracting by manifest.
901 silly tarball no local data for is-bigint@https://registry.npmjs.org/is-bigint/-/is-bigint-1.1.0.tgz. Extracting by manifest.
902 silly tarball no local data for is-boolean-object@https://registry.npmjs.org/is-boolean-object/-/is-boolean-object-1.2.2.tgz. Extracting by manifest.
903 silly tarball no local data for is-array-buffer@https://registry.npmjs.org/is-array-buffer/-/is-array-buffer-3.0.5.tgz. Extracting by manifest.
904 silly tarball no local data for ipaddr.js@https://registry.npmjs.org/ipaddr.js/-/ipaddr.js-2.4.0.tgz. Extracting by manifest.
905 silly tarball no local data for is-async-function@https://registry.npmjs.org/is-async-function/-/is-async-function-2.1.1.tgz. Extracting by manifest.
906 silly tarball no local data for internal-slot@https://registry.npmjs.org/internal-slot/-/internal-slot-1.1.0.tgz. Extracting by manifest.
907 silly tarball no local data for hex-rgb@https://registry.npmjs.org/hex-rgb/-/hex-rgb-4.3.0.tgz. Extracting by manifest.
908 silly tarball no local data for image-size@https://registry.npmjs.org/image-size/-/image-size-2.0.2.tgz. Extracting by manifest.
909 silly tarball no local data for hasown@https://registry.npmjs.org/hasown/-/hasown-2.0.3.tgz. Extracting by manifest.
910 silly tarball no local data for has-tostringtag@https://registry.npmjs.org/has-tostringtag/-/has-tostringtag-1.0.2.tgz. Extracting by manifest.
911 silly tarball no local data for has-symbols@https://registry.npmjs.org/has-symbols/-/has-symbols-1.1.0.tgz. Extracting by manifest.
912 silly tarball no local data for has-proto@https://registry.npmjs.org/has-proto/-/has-proto-1.2.0.tgz. Extracting by manifest.
913 silly tarball no local data for has-bigints@https://registry.npmjs.org/has-bigints/-/has-bigints-1.1.0.tgz. Extracting by manifest.
914 silly tarball no local data for has-property-descriptors@https://registry.npmjs.org/has-property-descriptors/-/has-property-descriptors-1.0.2.tgz. Extracting by manifest.
915 silly tarball no local data for graceful-fs@https://registry.npmjs.org/graceful-fs/-/graceful-fs-4.2.11.tgz. Extracting by manifest.
916 silly tarball no local data for gopd@https://registry.npmjs.org/gopd/-/gopd-1.2.0.tgz. Extracting by manifest.
917 silly tarball no local data for globrex@https://registry.npmjs.org/globrex/-/globrex-0.1.2.tgz. Extracting by manifest.
918 silly tarball no local data for glob-to-regexp@https://registry.npmjs.org/glob-to-regexp/-/glob-to-regexp-0.4.1.tgz. Extracting by manifest.
919 silly tarball no local data for globalthis@https://registry.npmjs.org/globalthis/-/globalthis-1.0.4.tgz. Extracting by manifest.
920 silly tarball no local data for get-tsconfig@https://registry.npmjs.org/get-tsconfig/-/get-tsconfig-4.14.0.tgz. Extracting by manifest.
921 silly tarball no local data for get-symbol-description@https://registry.npmjs.org/get-symbol-description/-/get-symbol-description-1.1.0.tgz. Extracting by manifest.
922 silly tarball no local data for get-intrinsic@https://registry.npmjs.org/get-intrinsic/-/get-intrinsic-1.3.0.tgz. Extracting by manifest.
923 silly tarball no local data for get-proto@https://registry.npmjs.org/get-proto/-/get-proto-1.0.1.tgz. Extracting by manifest.
924 silly tarball no local data for functions-have-names@https://registry.npmjs.org/functions-have-names/-/functions-have-names-1.2.3.tgz. Extracting by manifest.
925 silly tarball no local data for function.prototype.name@https://registry.npmjs.org/function.prototype.name/-/function.prototype.name-1.1.8.tgz. Extracting by manifest.
926 silly tarball no local data for for-each@https://registry.npmjs.org/for-each/-/for-each-0.3.5.tgz. Extracting by manifest.
927 silly tarball no local data for flatted@https://registry.npmjs.org/flatted/-/flatted-3.4.2.tgz. Extracting by manifest.
928 silly tarball no local data for fflate@https://registry.npmjs.org/fflate/-/fflate-0.7.4.tgz. Extracting by manifest.
929 silly tarball no local data for generator-function@https://registry.npmjs.org/generator-function/-/generator-function-2.0.1.tgz. Extracting by manifest.
930 silly tarball no local data for fast-glob@https://registry.npmjs.org/fast-glob/-/fast-glob-3.3.1.tgz. Extracting by manifest.
931 silly tarball no local data for estree-walker@https://registry.npmjs.org/estree-walker/-/estree-walker-3.0.3.tgz. Extracting by manifest.
932 silly tarball no local data for fast-uri@https://registry.npmjs.org/fast-uri/-/fast-uri-3.1.2.tgz. Extracting by manifest.
933 silly tarball no local data for eslint-plugin-jsx-a11y@https://registry.npmjs.org/eslint-plugin-jsx-a11y/-/eslint-plugin-jsx-a11y-6.10.2.tgz. Extracting by manifest.
934 silly tarball no local data for eslint-plugin-react-hooks@https://registry.npmjs.org/eslint-plugin-react-hooks/-/eslint-plugin-react-hooks-7.1.1.tgz. Extracting by manifest.
935 silly tarball no local data for eslint-plugin-react@https://registry.npmjs.org/eslint-plugin-react/-/eslint-plugin-react-7.37.5.tgz. Extracting by manifest.
936 silly tarball no local data for eslint-config-next@https://registry.npmjs.org/eslint-config-next/-/eslint-config-next-16.2.6.tgz. Extracting by manifest.
937 silly tarball no local data for eslint-module-utils@https://registry.npmjs.org/eslint-module-utils/-/eslint-module-utils-2.12.1.tgz. Extracting by manifest.
938 silly tarball no local data for events@https://registry.npmjs.org/events/-/events-3.3.0.tgz. Extracting by manifest.
939 silly tarball no local data for eslint@https://registry.npmjs.org/eslint/-/eslint-9.39.4.tgz. Extracting by manifest.
940 silly tarball no local data for eslint-import-resolver-node@https://registry.npmjs.org/eslint-import-resolver-node/-/eslint-import-resolver-node-0.3.10.tgz. Extracting by manifest.
941 silly tarball no local data for eslint-plugin-import@https://registry.npmjs.org/eslint-plugin-import/-/eslint-plugin-import-2.32.0.tgz. Extracting by manifest.
942 silly tarball no local data for eslint-import-resolver-typescript@https://registry.npmjs.org/eslint-import-resolver-typescript/-/eslint-import-resolver-typescript-3.10.1.tgz. Extracting by manifest.
943 silly tarball no local data for esbuild@https://registry.npmjs.org/esbuild/-/esbuild-0.28.0.tgz. Extracting by manifest.
944 silly tarball no local data for es-to-primitive@https://registry.npmjs.org/es-to-primitive/-/es-to-primitive-1.3.0.tgz. Extracting by manifest.
945 silly tarball no local data for es-object-atoms@https://registry.npmjs.org/es-object-atoms/-/es-object-atoms-1.1.1.tgz. Extracting by manifest.
946 silly tarball no local data for es-shim-unscopables@https://registry.npmjs.org/es-shim-unscopables/-/es-shim-unscopables-1.1.0.tgz. Extracting by manifest.
947 silly tarball no local data for es-set-tostringtag@https://registry.npmjs.org/es-set-tostringtag/-/es-set-tostringtag-2.1.0.tgz. Extracting by manifest.
948 silly tarball no local data for es-module-lexer@https://registry.npmjs.org/es-module-lexer/-/es-module-lexer-2.1.0.tgz. Extracting by manifest.
949 silly tarball no local data for es-errors@https://registry.npmjs.org/es-errors/-/es-errors-1.3.0.tgz. Extracting by manifest.
950 silly tarball no local data for es-iterator-helpers@https://registry.npmjs.org/es-iterator-helpers/-/es-iterator-helpers-1.3.2.tgz. Extracting by manifest.
951 silly tarball no local data for es-define-property@https://registry.npmjs.org/es-define-property/-/es-define-property-1.0.1.tgz. Extracting by manifest.
952 silly tarball no local data for es-abstract@https://registry.npmjs.org/es-abstract/-/es-abstract-1.24.2.tgz. Extracting by manifest.
953 silly tarball no local data for enhanced-resolve@https://registry.npmjs.org/enhanced-resolve/-/enhanced-resolve-5.21.3.tgz. Extracting by manifest.
954 silly tarball no local data for drizzle-orm@https://registry.npmjs.org/drizzle-orm/-/drizzle-orm-0.45.2.tgz. Extracting by manifest.
955 silly tarball no local data for emoji-regex@https://registry.npmjs.org/emoji-regex/-/emoji-regex-9.2.2.tgz. Extracting by manifest.
956 silly tarball no local data for electron-to-chromium@https://registry.npmjs.org/electron-to-chromium/-/electron-to-chromium-1.5.358.tgz. Extracting by manifest.
957 silly tarball no local data for dunder-proto@https://registry.npmjs.org/dunder-proto/-/dunder-proto-1.0.1.tgz. Extracting by manifest.
958 silly tarball no local data for drizzle-kit@https://registry.npmjs.org/drizzle-kit/-/drizzle-kit-0.31.10.tgz. Extracting by manifest.
959 silly tarball no local data for emoji-regex-xs@https://registry.npmjs.org/emoji-regex-xs/-/emoji-regex-xs-2.0.1.tgz. Extracting by manifest.
960 silly tarball no local data for detect-libc@https://registry.npmjs.org/detect-libc/-/detect-libc-2.1.2.tgz. Extracting by manifest.
961 silly tarball no local data for doctrine@https://registry.npmjs.org/doctrine/-/doctrine-2.1.0.tgz. Extracting by manifest.
962 silly tarball no local data for define-properties@https://registry.npmjs.org/define-properties/-/define-properties-1.2.1.tgz. Extracting by manifest.
963 silly tarball no local data for define-data-property@https://registry.npmjs.org/define-data-property/-/define-data-property-1.1.4.tgz. Extracting by manifest.
964 silly tarball no local data for data-view-buffer@https://registry.npmjs.org/data-view-buffer/-/data-view-buffer-1.0.2.tgz. Extracting by manifest.
965 silly tarball no local data for data-view-byte-offset@https://registry.npmjs.org/data-view-byte-offset/-/data-view-byte-offset-1.0.1.tgz. Extracting by manifest.
966 silly tarball no local data for data-view-byte-length@https://registry.npmjs.org/data-view-byte-length/-/data-view-byte-length-1.0.2.tgz. Extracting by manifest.
967 silly tarball no local data for damerau-levenshtein@https://registry.npmjs.org/damerau-levenshtein/-/damerau-levenshtein-1.0.8.tgz. Extracting by manifest.
968 silly tarball no local data for css-gradient-parser@https://registry.npmjs.org/css-gradient-parser/-/css-gradient-parser-0.0.16.tgz. Extracting by manifest.
969 silly tarball no local data for css-box-shadow@https://registry.npmjs.org/css-box-shadow/-/css-box-shadow-1.0.0-3.tgz. Extracting by manifest.
970 silly tarball no local data for css-to-react-native@https://registry.npmjs.org/css-to-react-native/-/css-to-react-native-3.2.0.tgz. Extracting by manifest.
971 silly tarball no local data for css-background-parser@https://registry.npmjs.org/css-background-parser/-/css-background-parser-0.1.0.tgz. Extracting by manifest.
972 silly tarball no local data for css-color-keywords@https://registry.npmjs.org/css-color-keywords/-/css-color-keywords-1.0.0.tgz. Extracting by manifest.
973 silly tarball no local data for camelize@https://registry.npmjs.org/camelize/-/camelize-1.0.1.tgz. Extracting by manifest.
974 silly tarball no local data for client-only@https://registry.npmjs.org/client-only/-/client-only-0.0.1.tgz. Extracting by manifest.
975 silly tarball no local data for caniuse-lite@https://registry.npmjs.org/caniuse-lite/-/caniuse-lite-1.0.30001793.tgz. Extracting by manifest.
976 silly tarball no local data for browserslist@https://registry.npmjs.org/browserslist/-/browserslist-4.28.2.tgz. Extracting by manifest.
977 silly tarball no local data for call-bind-apply-helpers@https://registry.npmjs.org/call-bind-apply-helpers/-/call-bind-apply-helpers-1.0.2.tgz. Extracting by manifest.
978 silly tarball no local data for call-bound@https://registry.npmjs.org/call-bound/-/call-bound-1.0.4.tgz. Extracting by manifest.
979 silly tarball no local data for call-bind@https://registry.npmjs.org/call-bind/-/call-bind-1.0.9.tgz. Extracting by manifest.
980 silly tarball no local data for chrome-trace-event@https://registry.npmjs.org/chrome-trace-event/-/chrome-trace-event-1.0.4.tgz. Extracting by manifest.
981 silly tarball no local data for baseline-browser-mapping@https://registry.npmjs.org/baseline-browser-mapping/-/baseline-browser-mapping-2.10.30.tgz. Extracting by manifest.
982 silly tarball no local data for base64-js@https://registry.npmjs.org/base64-js/-/base64-js-0.0.8.tgz. Extracting by manifest.
983 silly tarball no local data for axobject-query@https://registry.npmjs.org/axobject-query/-/axobject-query-4.1.0.tgz. Extracting by manifest.
984 silly tarball no local data for brace-expansion@https://registry.npmjs.org/brace-expansion/-/brace-expansion-1.1.14.tgz. Extracting by manifest.
985 silly tarball no local data for axe-core@https://registry.npmjs.org/axe-core/-/axe-core-4.11.4.tgz. Extracting by manifest.
986 silly tarball no local data for available-typed-arrays@https://registry.npmjs.org/available-typed-arrays/-/available-typed-arrays-1.0.7.tgz. Extracting by manifest.
987 silly tarball no local data for ast-types-flow@https://registry.npmjs.org/ast-types-flow/-/ast-types-flow-0.0.8.tgz. Extracting by manifest.
988 silly tarball no local data for arraybuffer.prototype.slice@https://registry.npmjs.org/arraybuffer.prototype.slice/-/arraybuffer.prototype.slice-1.0.4.tgz. Extracting by manifest.
989 silly tarball no local data for async-function@https://registry.npmjs.org/async-function/-/async-function-1.0.0.tgz. Extracting by manifest.
990 silly tarball no local data for array.prototype.tosorted@https://registry.npmjs.org/array.prototype.tosorted/-/array.prototype.tosorted-1.1.4.tgz. Extracting by manifest.
991 silly tarball no local data for array.prototype.flatmap@https://registry.npmjs.org/array.prototype.flatmap/-/array.prototype.flatmap-1.3.3.tgz. Extracting by manifest.
992 silly tarball no local data for array.prototype.flat@https://registry.npmjs.org/array.prototype.flat/-/array.prototype.flat-1.3.3.tgz. Extracting by manifest.
993 silly tarball no local data for array.prototype.findlastindex@https://registry.npmjs.org/array.prototype.findlastindex/-/array.prototype.findlastindex-1.2.6.tgz. Extracting by manifest.
994 silly tarball no local data for array.prototype.findlast@https://registry.npmjs.org/array.prototype.findlast/-/array.prototype.findlast-1.2.5.tgz. Extracting by manifest.
995 silly tarball no local data for array-includes@https://registry.npmjs.org/array-includes/-/array-includes-3.1.9.tgz. Extracting by manifest.
996 silly tarball no local data for array-buffer-byte-length@https://registry.npmjs.org/array-buffer-byte-length/-/array-buffer-byte-length-1.0.2.tgz. Extracting by manifest.
997 silly tarball no local data for aria-query@https://registry.npmjs.org/aria-query/-/aria-query-5.3.2.tgz. Extracting by manifest.
998 silly tarball no local data for acorn-loose@https://registry.npmjs.org/acorn-loose/-/acorn-loose-8.5.2.tgz. Extracting by manifest.
999 silly tarball no local data for ajv@https://registry.npmjs.org/ajv/-/ajv-6.15.0.tgz. Extracting by manifest.
1000 silly tarball no local data for ajv-formats@https://registry.npmjs.org/ajv-formats/-/ajv-formats-2.1.1.tgz. Extracting by manifest.
1001 silly tarball no local data for eslint-visitor-keys@https://registry.npmjs.org/eslint-visitor-keys/-/eslint-visitor-keys-5.0.1.tgz. Extracting by manifest.
1002 silly tarball no local data for acorn-import-phases@https://registry.npmjs.org/acorn-import-phases/-/acorn-import-phases-1.0.4.tgz. Extracting by manifest.
1003 silly tarball no local data for acorn@https://registry.npmjs.org/acorn/-/acorn-8.16.0.tgz. Extracting by manifest.
1004 silly tarball no local data for balanced-match@https://registry.npmjs.org/balanced-match/-/balanced-match-4.0.4.tgz. Extracting by manifest.
1005 silly tarball no local data for brace-expansion@https://registry.npmjs.org/brace-expansion/-/brace-expansion-5.0.6.tgz. Extracting by manifest.
1006 silly tarball no local data for semver@https://registry.npmjs.org/semver/-/semver-7.8.0.tgz. Extracting by manifest.
1007 silly tarball no local data for minimatch@https://registry.npmjs.org/minimatch/-/minimatch-10.2.5.tgz. Extracting by manifest.
1008 silly tarball no local data for ignore@https://registry.npmjs.org/ignore/-/ignore-7.0.5.tgz. Extracting by manifest.
1009 silly tarball no local data for @rolldown/pluginutils@https://registry.npmjs.org/@rolldown/pluginutils/-/pluginutils-1.0.0-rc.18.tgz. Extracting by manifest.
1010 silly tarball no local data for @esbuild/darwin-arm64@https://registry.npmjs.org/@esbuild/darwin-arm64/-/darwin-arm64-0.18.20.tgz. Extracting by manifest.
1011 silly tarball no local data for esbuild@https://registry.npmjs.org/esbuild/-/esbuild-0.18.20.tgz. Extracting by manifest.
1012 silly tarball no local data for esbuild@https://registry.npmjs.org/esbuild/-/esbuild-0.27.3.tgz. Extracting by manifest.
1013 silly tarball no local data for @esbuild/darwin-arm64@https://registry.npmjs.org/@esbuild/darwin-arm64/-/darwin-arm64-0.27.3.tgz. Extracting by manifest.
1014 silly tarball no local data for estraverse@https://registry.npmjs.org/estraverse/-/estraverse-4.3.0.tgz. Extracting by manifest.
1015 silly tarball no local data for eslint-scope@https://registry.npmjs.org/eslint-scope/-/eslint-scope-5.1.1.tgz. Extracting by manifest.
1016 silly tarball no local data for glob-parent@https://registry.npmjs.org/glob-parent/-/glob-parent-5.1.2.tgz. Extracting by manifest.
1017 silly tarball no local data for lightningcss@https://registry.npmjs.org/lightningcss/-/lightningcss-1.32.0.tgz. Extracting by manifest.
1018 silly tarball no local data for fast-glob@https://registry.npmjs.org/fast-glob/-/fast-glob-3.3.3.tgz. Extracting by manifest.
1019 silly tarball no local data for picomatch@https://registry.npmjs.org/picomatch/-/picomatch-4.0.4.tgz. Extracting by manifest.
1020 silly tarball no local data for lightningcss-darwin-arm64@https://registry.npmjs.org/lightningcss-darwin-arm64/-/lightningcss-darwin-arm64-1.32.0.tgz. Extracting by manifest.
1021 silly tarball no local data for es-module-lexer@https://registry.npmjs.org/es-module-lexer/-/es-module-lexer-1.7.0.tgz. Extracting by manifest.
1022 silly tarball no local data for json5@https://registry.npmjs.org/json5/-/json5-1.0.2.tgz. Extracting by manifest.
1023 silly tarball no local data for picomatch@https://registry.npmjs.org/picomatch/-/picomatch-4.0.4.tgz. Extracting by manifest.
1024 silly tarball no local data for fdir@https://registry.npmjs.org/fdir/-/fdir-6.5.0.tgz. Extracting by manifest.
1025 silly tarball no local data for js-tokens@https://registry.npmjs.org/js-tokens/-/js-tokens-9.0.1.tgz. Extracting by manifest.
1026 silly tarball no local data for semver@https://registry.npmjs.org/semver/-/semver-7.8.0.tgz. Extracting by manifest.
1027 silly tarball no local data for json-schema-traverse@https://registry.npmjs.org/json-schema-traverse/-/json-schema-traverse-1.0.0.tgz. Extracting by manifest.
1028 silly tarball no local data for ajv-keywords@https://registry.npmjs.org/ajv-keywords/-/ajv-keywords-5.1.0.tgz. Extracting by manifest.
1029 silly tarball no local data for postcss@https://registry.npmjs.org/postcss/-/postcss-8.4.31.tgz. Extracting by manifest.
1030 silly tarball no local data for ajv@https://registry.npmjs.org/ajv/-/ajv-8.20.0.tgz. Extracting by manifest.
1031 silly tarball no local data for supports-color@https://registry.npmjs.org/supports-color/-/supports-color-8.1.1.tgz. Extracting by manifest.
1032 silly tarball no local data for semver@https://registry.npmjs.org/semver/-/semver-7.8.0.tgz. Extracting by manifest.
1033 silly tarball no local data for glob-parent@https://registry.npmjs.org/glob-parent/-/glob-parent-5.1.2.tgz. Extracting by manifest.
1034 silly tarball no local data for globals@https://registry.npmjs.org/globals/-/globals-16.4.0.tgz. Extracting by manifest.
1035 silly tarball no local data for debug@https://registry.npmjs.org/debug/-/debug-3.2.7.tgz. Extracting by manifest.
1036 silly tarball no local data for debug@https://registry.npmjs.org/debug/-/debug-3.2.7.tgz. Extracting by manifest.
1037 silly tarball no local data for esbuild@https://registry.npmjs.org/esbuild/-/esbuild-0.25.12.tgz. Extracting by manifest.
1038 silly tarball no local data for debug@https://registry.npmjs.org/debug/-/debug-3.2.7.tgz. Extracting by manifest.
1039 silly tarball no local data for json-schema-traverse@https://registry.npmjs.org/json-schema-traverse/-/json-schema-traverse-1.0.0.tgz. Extracting by manifest.
1040 silly tarball no local data for @esbuild/darwin-arm64@https://registry.npmjs.org/@esbuild/darwin-arm64/-/darwin-arm64-0.25.12.tgz. Extracting by manifest.
1041 silly tarball no local data for ajv@https://registry.npmjs.org/ajv/-/ajv-8.20.0.tgz. Extracting by manifest.
1042 http fetch GET 200 https://registry.npmjs.org/@webassemblyjs/helper-numbers/-/helper-numbers-1.13.2.tgz 2332ms (cache miss)
1043 http fetch GET 200 https://registry.npmjs.org/@webassemblyjs/helper-wasm-section/-/helper-wasm-section-1.14.1.tgz 2331ms (cache miss)
1044 http fetch GET 200 https://registry.npmjs.org/@webassemblyjs/wasm-opt/-/wasm-opt-1.14.1.tgz 2334ms (cache miss)
1045 http fetch GET 200 https://registry.npmjs.org/@webassemblyjs/helper-buffer/-/helper-buffer-1.14.1.tgz 2332ms (cache miss)
1046 http fetch GET 200 https://registry.npmjs.org/@xtuc/ieee754/-/ieee754-1.2.0.tgz 2336ms (cache miss)
1047 http fetch GET 200 https://registry.npmjs.org/@webassemblyjs/ieee754/-/ieee754-1.13.2.tgz 2347ms (cache miss)
1048 http fetch GET 200 https://registry.npmjs.org/@webassemblyjs/wasm-edit/-/wasm-edit-1.14.1.tgz 2356ms (cache miss)
1049 http fetch GET 200 https://registry.npmjs.org/@webassemblyjs/utf8/-/utf8-1.13.2.tgz 2432ms (cache miss)
1050 http fetch GET 200 https://registry.npmjs.org/@webassemblyjs/helper-wasm-bytecode/-/helper-wasm-bytecode-1.13.2.tgz 2471ms (cache miss)
1051 http fetch GET 200 https://registry.npmjs.org/@webassemblyjs/wasm-gen/-/wasm-gen-1.14.1.tgz 2472ms (cache miss)
1052 http fetch GET 200 https://registry.npmjs.org/@webassemblyjs/wasm-parser/-/wasm-parser-1.14.1.tgz 2486ms (cache miss)
1053 http fetch GET 200 https://registry.npmjs.org/@webassemblyjs/wast-printer/-/wast-printer-1.14.1.tgz 2545ms (cache miss)
1054 http fetch GET 200 https://registry.npmjs.org/@xtuc/long/-/long-4.2.2.tgz 2586ms (cache miss)
1055 http fetch GET 200 https://registry.npmjs.org/@webassemblyjs/floating-point-hex-parser/-/floating-point-hex-parser-1.13.2.tgz 2638ms (cache miss)
1056 http fetch GET 200 https://registry.npmjs.org/@webassemblyjs/helper-api-error/-/helper-api-error-1.13.2.tgz 2638ms (cache miss)
1057 http fetch GET 200 https://registry.npmjs.org/@vitejs/plugin-react/-/plugin-react-6.0.2.tgz 2712ms (cache miss)
1058 http fetch POST 200 https://registry.npmjs.org/-/npm/v1/security/advisories/bulk 2845ms
1059 silly audit report {
1059 silly audit report   '@babel/core': [
1059 silly audit report     {
1059 silly audit report       id: 1123528,
1059 silly audit report       url: 'https://github.com/advisories/GHSA-4x5r-pxfx-6jf8',
1059 silly audit report       title: '@babel/core: Arbitrary File Read via sourceMappingURL Comment',
1059 silly audit report       severity: 'low',
1059 silly audit report       vulnerable_versions: '<=7.29.0',
1059 silly audit report       cwe: [Array],
1059 silly audit report       cvss: [Object]
1059 silly audit report     }
1059 silly audit report   ],
1059 silly audit report   esbuild: [
1059 silly audit report     {
1059 silly audit report       id: 1102341,
1059 silly audit report       url: 'https://github.com/advisories/GHSA-67mh-4wv8-2f99',
1059 silly audit report       title: 'esbuild enables any website to send any requests to the development server and read the response',
1059 silly audit report       severity: 'moderate',
1059 silly audit report       vulnerable_versions: '<=0.24.2',
1059 silly audit report       cwe: [Array],
1059 silly audit report       cvss: [Object]
1059 silly audit report     },
1059 silly audit report     {
1059 silly audit report       id: 1120680,
1059 silly audit report       url: 'https://github.com/advisories/GHSA-g7r4-m6w7-qqqr',
1059 silly audit report       title: 'esbuild allows arbitrary file read when running the development server on Windows',
1059 silly audit report       severity: 'low',
1059 silly audit report       vulnerable_versions: '>=0.27.3 <0.28.1',
1059 silly audit report       cwe: [Array],
1059 silly audit report       cvss: [Object]
1059 silly audit report     }
1059 silly audit report   ],
1059 silly audit report   'brace-expansion': [
1059 silly audit report     {
1059 silly audit report       id: 1123897,
1059 silly audit report       url: 'https://github.com/advisories/GHSA-3jxr-9vmj-r5cp',
1059 silly audit report       title: 'brace-expansion: DoS via exponential-time expansion of consecutive non-expanding {} groups',
1059 silly audit report       severity: 'high',
1059 silly audit report       vulnerable_versions: '<1.1.16',
1059 silly audit report       cwe: [Array],
1059 silly audit report       cvss: [Object]
1059 silly audit report     },
1059 silly audit report     {
1059 silly audit report       id: 1123898,
1059 silly audit report       url: 'https://github.com/advisories/GHSA-3jxr-9vmj-r5cp',
1059 silly audit report       title: 'brace-expansion: DoS via exponential-time expansion of consecutive non-expanding {} groups',
1059 silly audit report       severity: 'high',
1059 silly audit report       vulnerable_versions: '>=3.0.0 <5.0.7',
1059 silly audit report       cwe: [Array],
1059 silly audit report       cvss: [Object]
1059 silly audit report     },
1059 silly audit report     {
1059 silly audit report       id: 1124334,
1059 silly audit report       url: 'https://github.com/advisories/GHSA-mh99-v99m-4gvg',
1059 silly audit report       title: 'brace-expansion: DoS via unbounded expansion length causing an out-of-memory process crash',
1059 silly audit report       severity: 'high',
1059 silly audit report       vulnerable_versions: '<=5.0.7',
1059 silly audit report       cwe: [Array],
1059 silly audit report       cvss: [Object]
1059 silly audit report     }
1059 silly audit report   ],
1059 silly audit report   'fast-uri': [
1059 silly audit report     {
1059 silly audit report       id: 1129974,
1059 silly audit report       url: 'https://github.com/advisories/GHSA-4c8g-83qw-93j6',
1059 silly audit report       title: 'fast-uri vulnerable to host confusion via failed IDN canonicalization',
1059 silly audit report       severity: 'high',
1059 silly audit report       vulnerable_versions: '>=3.0.0 <3.1.3',
1059 silly audit report       cwe: [Array],
1059 silly audit report       cvss: [Object]
1059 silly audit report     },
1059 silly audit report     {
1059 silly audit report       id: 1124064,
1059 silly audit report       url: 'https://github.com/advisories/GHSA-v2hh-gcrm-f6hx',
1059 silly audit report       title: 'fast-uri vulnerable to host confusion via literal backslash authority delimiter',
1059 silly audit report       severity: 'high',
1059 silly audit report       vulnerable_versions: '>=3.0.0 <=3.1.3',
1059 silly audit report       cwe: [Array],
1059 silly audit report       cvss: [Object]
1059 silly audit report     }
1059 silly audit report   ],
1059 silly audit report   'js-yaml': [
1059 silly audit report     {
1059 silly audit report       id: 1121860,
1059 silly audit report       url: 'https://github.com/advisories/GHSA-h67p-54hq-rp68',
1059 silly audit report       title: 'JS-YAML: Quadratic-complexity DoS in merge key handling via repeated aliases',
1059 silly audit report       severity: 'moderate',
1059 silly audit report       vulnerable_versions: '>=4.0.0 <=4.1.1',
1059 silly audit report       cwe: [Array],
1059 silly audit report       cvss: [Object]
1059 silly audit report     },
1059 silly audit report     {
1059 silly audit report       id: 1123911,
1059 silly audit report       url: 'https://github.com/advisories/GHSA-52cp-r559-cp3m',
1059 silly audit report       title: 'js-yaml: YAML merge-key chains can force quadratic CPU consumption',
1059 silly audit report       severity: 'high',
1059 silly audit report       vulnerable_versions: '>=4.0.0 <4.3.0',
1059 silly audit report       cwe: [Array],
1059 silly audit report       cvss: [Object]
1059 silly audit report     }
1059 silly audit report   ],
1059 silly audit report   next: [
1059 silly audit report     {
1059 silly audit report       id: 1124184,
1059 silly audit report       url: 'https://github.com/advisories/GHSA-89xv-2m56-2m9x',
1059 silly audit report       title: 'Next.js: Server-Side Request Forgery in Server Actions on custom servers',
1059 silly audit report       severity: 'high',
1059 silly audit report       vulnerable_versions: '>=16.0.0 <16.2.11',
1059 silly audit report       cwe: [Array],
1059 silly audit report       cvss: [Object]
1059 silly audit report     },
1059 silly audit report     {
1059 silly audit report       id: 1124186,
1059 silly audit report       url: 'https://github.com/advisories/GHSA-68g3-v927-f742',
1059 silly audit report       title: 'Next.js: Cache confusion of response bodies for requests with bodies',
1059 silly audit report       severity: 'moderate',
1059 silly audit report       vulnerable_versions: '>=16.0.0 <16.2.11',
1059 silly audit report       cwe: [Array],
1059 silly audit report       cvss: [Object]
1059 silly audit report     },
1059 silly audit report     {
1059 silly audit report       id: 1124170,
1059 silly audit report       url: 'https://github.com/advisories/GHSA-6gpp-xcg3-4w24',
1059 silly audit report       title: 'Next.js: Middleware / Proxy bypass in App Router applications using Turbopack and single locale',
1059 silly audit report       severity: 'high',
1059 silly audit report       vulnerable_versions: '>=16.0.0 <16.2.11',
1059 silly audit report       cwe: [Array],
1059 silly audit report       cvss: [Object]
1059 silly audit report     },
1059 silly audit report     {
1059 silly audit report       id: 1124171,
1059 silly audit report       url: 'https://github.com/advisories/GHSA-m99w-x7hq-7vfj',
1059 silly audit report       title: 'Next.js: Denial of Service in App Router using Server Actions',
1059 silly audit report       severity: 'high',
1059 silly audit report       vulnerable_versions: '>=16.0.0 <16.2.11',
1059 silly audit report       cwe: [Array],
1059 silly audit report       cvss: [Object]
1059 silly audit report     },
1059 silly audit report     {
1059 silly audit report       id: 1124188,
1059 silly audit report       url: 'https://github.com/advisories/GHSA-4633-3j49-mh5q',
1059 silly audit report       title: 'Next.js: Cache confusion of response bodies for requests with bodies containing invalid UTF-8 byte sequences',
1059 silly audit report       severity: 'moderate',
1059 silly audit report       vulnerable_versions: '>=16.0.0 <16.2.11',
1059 silly audit report       cwe: [Array],
1059 silly audit report       cvss: [Object]
1059 silly audit report     },
1059 silly audit report     {
1059 silly audit report       id: 1124190,
1059 silly audit report       url: 'https://github.com/advisories/GHSA-4c39-4ccg-62r3',
1059 silly audit report       title: 'Next.js: Unbounded Server Action payload in Edge runtime',
1059 silly audit report       severity: 'moderate',
1059 silly audit report       vulnerable_versions: '>=16.0.0 <16.2.11',
1059 silly audit report       cwe: [Array],
1059 silly audit report       cvss: [Object]
1059 silly audit report     },
1059 silly audit report     {
1059 silly audit report       id: 1124192,
1059 silly audit report       url: 'https://github.com/advisories/GHSA-p9j2-gv94-2wf4',
1059 silly audit report       title: 'Next.js: Server-Side Request Forgery in rewrites via attacker-controlled destination hostname',
1059 silly audit report       severity: 'high',
1059 silly audit report       vulnerable_versions: '>=16.0.0 <16.2.11',
1059 silly audit report       cwe: [Array],
1059 silly audit report       cvss: [Object]
1059 silly audit report     },
1059 silly audit report     {
1059 silly audit report       id: 1124194,
1059 silly audit report       url: 'https://github.com/advisories/GHSA-q8wf-6r8g-63ch',
1059 silly audit report       title: 'Next.js: Denial of Service in the Image Optimization API using SVGs',
1059 silly audit report       severity: 'moderate',
1059 silly audit report       vulnerable_versions: '>=16.0.0 <16.2.11',
1059 silly audit report       cwe: [Array],
1059 silly audit report       cvss: [Object]
1059 silly audit report     },
1059 silly audit report     {
1059 silly audit report       id: 1124196,
1059 silly audit report       url: 'https://github.com/advisories/GHSA-955p-x3mx-jcvp',
1059 silly audit report       title: 'Next.js: Unauthenticated disclosure of internal Server Function endpoints',
1059 silly audit report       severity: 'moderate',
1059 silly audit report       vulnerable_versions: '>=16.0.0 <16.2.11',
1059 silly audit report       cwe: [Array],
1059 silly audit report       cvss: [Object]
1059 silly audit report     }
1059 silly audit report   ],
1059 silly audit report   postcss: [
1059 silly audit report     {
1059 silly audit report       id: 1117015,
1059 silly audit report       url: 'https://github.com/advisories/GHSA-qx2v-qp2m-jg93',
1059 silly audit report       title: 'PostCSS has XSS via Unescaped </style> in its CSS Stringify Output',
1059 silly audit report       severity: 'moderate',
1059 silly audit report       vulnerable_versions: '<8.5.10',
1059 silly audit report       cwe: [Array],
1059 silly audit report       cvss: [Object]
1059 silly audit report     },
1059 silly audit report     {
1059 silly audit report       id: 1124252,
1059 silly audit report       url: 'https://github.com/advisories/GHSA-6g55-p6wh-862q',
1059 silly audit report       title: 'PostCSS: Arbitrary file read and information disclosure via attacker-controlled sourceMappingURL in CSS comments',
1059 silly audit report       severity: 'high',
1059 silly audit report       vulnerable_versions: '<=8.5.11',
1059 silly audit report       cwe: [Array],
1059 silly audit report       cvss: [Object]
1059 silly audit report     },
1059 silly audit report     {
1059 silly audit report       id: 1124288,
1059 silly audit report       url: 'https://github.com/advisories/GHSA-r28c-9q8g-f849',
1059 silly audit report       title: 'PostCSS: Path Traversal in Previous Source Map Auto-Loading (sourceMappingURL) leads to Arbitrary .map File Disclosure',
1059 silly audit report       severity: 'high',
1059 silly audit report       vulnerable_versions: '<=8.5.17',
1059 silly audit report       cwe: [Array],
1059 silly audit report       cvss: [Object]
1059 silly audit report     }
1059 silly audit report   ],
1059 silly audit report   'react-server-dom-webpack': [
1059 silly audit report     {
1059 silly audit report       id: 1124314,
1059 silly audit report       url: 'https://github.com/advisories/GHSA-wx67-qw84-cm4g',
1059 silly audit report       title: 'react-server-dom: Denial of Service in Server Functions',
1059 silly audit report       severity: 'high',
1059 silly audit report       vulnerable_versions: '>=19.2.0 <19.2.8',
1059 silly audit report       cwe: [Array],
1059 silly audit report       cvss: [Object]
1059 silly audit report     }
1059 silly audit report   ],
1059 silly audit report   sharp: [
1059 silly audit report     {
1059 silly audit report       id: 1124066,
1059 silly audit report       url: 'https://github.com/advisories/GHSA-f88m-g3jw-g9cj',
1059 silly audit report       title: 'sharp inherited vulnerabilities in libvips: CVE-2026-33327, CVE-2026-33328, CVE-2026-35590, CVE-2026-35591',
1059 silly audit report       severity: 'high',
1059 silly audit report       vulnerable_versions: '<0.35.0',
1059 silly audit report       cwe: [Array],
1059 silly audit report       cvss: [Object]
1059 silly audit report     }
1059 silly audit report   ],
1059 silly audit report   undici: [
1059 silly audit report     {
1059 silly audit report       id: 1121187,
1059 silly audit report       url: 'https://github.com/advisories/GHSA-vmh5-mc38-953g',
1059 silly audit report       title: 'undici vulnerable to TLS certificate validation bypass via dropped requestTls in SOCKS5 ProxyAgent',
1059 silly audit report       severity: 'high',
1059 silly audit report       vulnerable_versions: '>=7.23.0 <7.28.0',
1059 silly audit report       cwe: [Array],
1059 silly audit report       cvss: [Object]
1059 silly audit report     },
1059 silly audit report     {
1059 silly audit report       id: 1121241,
1059 silly audit report       url: 'https://github.com/advisories/GHSA-p88m-4jfj-68fv',
1059 silly audit report       title: 'undici vulnerable to HTTP header injection via Set-Cookie percent-decoding',
1059 silly audit report       severity: 'moderate',
1059 silly audit report       vulnerable_versions: '>=7.0.0 <7.28.0',
1059 silly audit report       cwe: [Array],
1059 silly audit report       cvss: [Object]
1059 silly audit report     },
1059 silly audit report     {
1059 silly audit report       id: 1121244,
1059 silly audit report       url: 'https://github.com/advisories/GHSA-vxpw-j846-p89q',
1059 silly audit report       title: 'undici WebSocket client vulnerable to denial of service via fragment count bypass',
1059 silly audit report       severity: 'high',
1059 silly audit report       vulnerable_versions: '>=7.0.0 <7.28.0',
1059 silly audit report       cwe: [Array],
1059 silly audit report       cvss: [Object]
1059 silly audit report     },
1059 silly audit report     {
1059 silly audit report       id: 1121247,
1059 silly audit report       url: 'https://github.com/advisories/GHSA-hm92-r4w5-c3mj',
1059 silly audit report       title: 'undici vulnerable to cross-origin request routing via SOCKS5 proxy pool reuse',
1059 silly audit report       severity: 'high',
1059 silly audit report       vulnerable_versions: '>=7.23.0 <7.28.0',
1059 silly audit report       cwe: [Array],
1059 silly audit report       cvss: [Object]
1059 silly audit report     },
1059 silly audit report     {
1059 silly audit report       id: 1121249,
1059 silly audit report       url: 'https://github.com/advisories/GHSA-35p6-xmwp-9g52',
1059 silly audit report       title: 'undici vulnerable to HTTP response queue poisoning via keep-alive socket reuse',
1059 silly audit report       severity: 'low',
1059 silly audit report       vulnerable_versions: '>=7.0.0 <7.28.0',
1059 silly audit report       cwe: [Array],
1059 silly audit report       cvss: [Object]
1059 silly audit report     },
1059 silly audit report     {
1059 silly audit report       id: 1121254,
1059 silly audit report       url: 'https://github.com/advisories/GHSA-g8m3-5g58-fq7m',
1059 silly audit report       title: 'undici vulnerable to Set-Cookie SameSite attribute downgrade via permissive substring matching',
1059 silly audit report       severity: 'low',
1059 silly audit report       vulnerable_versions: '>=7.0.0 <7.28.0',
1059 silly audit report       cwe: [Array],
1059 silly audit report       cvss: [Object]
1059 silly audit report     },
1059 silly audit report     {
1059 silly audit report       id: 1121428,
1059 silly audit report       url: 'https://github.com/advisories/GHSA-pr7r-676h-xcf6',
1059 silly audit report       title: 'undici vulnerable to cross-user information disclosure via shared cache whitespace bypass',
1059 silly audit report       severity: 'moderate',
1059 silly audit report       vulnerable_versions: '>=7.0.0 <7.28.0',
1059 silly audit report       cwe: [Array],
1059 silly audit report       cvss: [Object]
1059 silly audit report     }
1059 silly audit report   ],
1059 silly audit report   vite: [
1059 silly audit report     {
1059 silly audit report       id: 1120786,
1059 silly audit report       url: 'https://github.com/advisories/GHSA-v6wh-96g9-6wx3',
1059 silly audit report       title: 'launch-editor: NTLMv2 hash disclosure via UNC path handling on Windows',
1059 silly audit report       severity: 'moderate',
1059 silly audit report       vulnerable_versions: '>=8.0.0 <=8.0.15',
1059 silly audit report       cwe: [Array],
1059 silly audit report       cvss: [Object]
1059 silly audit report     },
1059 silly audit report     {
1059 silly audit report       id: 1123527,
1059 silly audit report       url: 'https://github.com/advisories/GHSA-fx2h-pf6j-xcff',
1059 silly audit report       title: 'vite: `server.fs.deny` bypass on Windows alternate paths',
1059 silly audit report       severity: 'high',
1059 silly audit report       vulnerable_versions: '>=8.0.0 <=8.0.15',
1059 silly audit report       cwe: [Array],
1059 silly audit report       cvss: [Object]
1059 silly audit report     }
1059 silly audit report   ],
1059 silly audit report   ws: [
1059 silly audit report     {
1059 silly audit report       id: 1119108,
1059 silly audit report       url: 'https://github.com/advisories/GHSA-58qx-3vcg-4xpx',
1059 silly audit report       title: 'ws: Uninitialized memory disclosure',
1059 silly audit report       severity: 'moderate',
1059 silly audit report       vulnerable_versions: '>=8.0.0 <8.20.1',
1059 silly audit report       cwe: [Array],
1059 silly audit report       cvss: [Object]
1059 silly audit report     },
1059 silly audit report     {
1059 silly audit report       id: 1123259,
1059 silly audit report       url: 'https://github.com/advisories/GHSA-96hv-2xvq-fx4p',
1059 silly audit report       title: 'ws: Memory exhaustion DoS from tiny fragments and data chunks',
1059 silly audit report       severity: 'high',
1059 silly audit report       vulnerable_versions: '>=8.0.0 <8.21.0',
1059 silly audit report       cwe: [Array],
1059 silly audit report       cvss: [Object]
1059 silly audit report     }
1059 silly audit report   ]
1059 silly audit report }
1060 silly packumentCache corgi:https://registry.npmjs.org/@babel%2fcore cache-miss
1061 silly packumentCache corgi:https://registry.npmjs.org/esbuild cache-miss
1062 silly packumentCache corgi:https://registry.npmjs.org/brace-expansion cache-miss
1063 silly packumentCache corgi:https://registry.npmjs.org/fast-uri cache-miss
1064 silly packumentCache corgi:https://registry.npmjs.org/js-yaml cache-miss
1065 silly packumentCache corgi:https://registry.npmjs.org/next cache-miss
1066 silly packumentCache corgi:https://registry.npmjs.org/postcss cache-miss
1067 silly packumentCache corgi:https://registry.npmjs.org/react-server-dom-webpack cache-miss
1068 silly packumentCache corgi:https://registry.npmjs.org/sharp cache-miss
1069 silly packumentCache corgi:https://registry.npmjs.org/undici cache-miss
1070 silly packumentCache corgi:https://registry.npmjs.org/vite cache-miss
1071 silly packumentCache corgi:https://registry.npmjs.org/ws cache-miss
1072 http fetch GET 200 https://registry.npmjs.org/@typescript-eslint/visitor-keys/-/visitor-keys-8.59.3.tgz 2807ms (cache miss)
1073 http fetch GET 200 https://registry.npmjs.org/@unpic/core/-/core-1.0.3.tgz 2811ms (cache miss)
1074 http fetch GET 200 https://registry.npmjs.org/@webassemblyjs/leb128/-/leb128-1.13.2.tgz 2851ms (cache miss)
1075 http fetch GET 200 https://registry.npmjs.org/@typescript-eslint/tsconfig-utils/-/tsconfig-utils-8.59.3.tgz 2880ms (cache miss)
1076 http fetch GET 200 https://registry.npmjs.org/@unpic/react/-/react-1.0.2.tgz 3000ms (cache miss)
1077 http fetch GET 200 https://registry.npmjs.org/@typescript-eslint/types/-/types-8.59.3.tgz 3027ms (cache miss)
1078 http fetch GET 200 https://registry.npmjs.org/@typescript-eslint/project-service/-/project-service-8.59.3.tgz 3029ms (cache miss)
1079 http fetch GET 200 https://registry.npmjs.org/@typescript-eslint/type-utils/-/type-utils-8.59.3.tgz 3050ms (cache miss)
1080 http fetch GET 200 https://registry.npmjs.org/@webassemblyjs/ast/-/ast-1.14.1.tgz 3058ms (cache miss)
1081 http fetch GET 200 https://registry.npmjs.org/@typescript-eslint/parser/-/parser-8.59.3.tgz 3129ms (cache miss)
1082 http fetch GET 200 https://registry.npmjs.org/@typescript-eslint/utils/-/utils-8.59.3.tgz 3207ms (cache miss)
1083 http fetch GET 200 https://registry.npmjs.org/@tailwindcss/oxide/-/oxide-4.2.1.tgz 3313ms (cache miss)
1084 http fetch GET 200 https://registry.npmjs.org/@types/eslint-scope/-/eslint-scope-3.7.7.tgz 3353ms (cache miss)
1085 http fetch GET 200 https://registry.npmjs.org/@types/json5/-/json5-0.0.29.tgz 3445ms (cache miss)
1086 http fetch GET 200 https://registry.npmjs.org/@typescript-eslint/typescript-estree/-/typescript-estree-8.59.3.tgz 3466ms (cache miss)
1087 http fetch GET 200 https://registry.npmjs.org/@tailwindcss/postcss/-/postcss-4.2.1.tgz 3521ms (cache miss)
1088 http fetch GET 200 https://registry.npmjs.org/@tailwindcss/node/-/node-4.2.1.tgz 3616ms (cache miss)
1089 http fetch GET 200 https://registry.npmjs.org/@typescript-eslint/scope-manager/-/scope-manager-8.59.3.tgz 3667ms (cache miss)
1090 http fetch GET 200 https://registry.npmjs.org/@rolldown/pluginutils/-/pluginutils-1.0.1.tgz 3683ms (cache miss)
1091 http fetch GET 200 https://registry.npmjs.org/@types/eslint/-/eslint-9.6.1.tgz 3709ms (cache miss)
1092 http fetch GET 200 https://registry.npmjs.org/@nolyfill/is-core-module/-/is-core-module-1.0.39.tgz 3918ms (cache miss)
1093 http fetch GET 200 https://registry.npmjs.org/@oxc-project/types/-/types-0.130.0.tgz 3948ms (cache miss)
1094 http fetch GET 200 https://registry.npmjs.org/@vitejs/plugin-rsc/-/plugin-rsc-0.5.26.tgz 3976ms (cache miss)
1095 http fetch GET 200 https://registry.npmjs.org/@next/env/-/env-16.2.6.tgz 4014ms (cache miss)
1096 http fetch GET 200 https://registry.npmjs.org/@tybys/wasm-util/-/wasm-util-0.10.2.tgz 4068ms (cache miss)
1097 http fetch GET 200 https://registry.npmjs.org/@next/eslint-plugin-next/-/eslint-plugin-next-16.2.6.tgz 4299ms (cache miss)
1098 http fetch GET 200 https://registry.npmjs.org/@img/sharp-darwin-arm64/-/sharp-darwin-arm64-0.34.5.tgz 4303ms (cache miss)
1099 http fetch GET 200 https://registry.npmjs.org/@swc/helpers/-/helpers-0.5.15.tgz 4378ms (cache miss)
1100 http fetch GET 200 https://registry.npmjs.org/@humanfs/node/-/node-0.16.8.tgz 4391ms (cache miss)
1101 http fetch GET 200 https://registry.npmjs.org/@typescript-eslint/eslint-plugin/-/eslint-plugin-8.59.3.tgz 4458ms (cache miss)
1102 http fetch GET 200 https://registry.npmjs.org/@humanfs/types/-/types-0.15.0.tgz 4601ms (cache miss)
1103 http fetch GET 200 https://registry.npmjs.org/@humanfs/core/-/core-0.19.2.tgz 4613ms (cache miss)
1104 http fetch GET 200 https://registry.npmjs.org/@img/colour/-/colour-1.1.0.tgz 4733ms (cache miss)
1105 http fetch GET 200 https://registry.npmjs.org/@eslint/config-array/-/config-array-0.21.2.tgz 5135ms (cache miss)
1106 http fetch GET 200 https://registry.npmjs.org/@shuding/opentype.js/-/opentype.js-1.4.0-beta.0.tgz 5458ms (cache miss)
1107 http fetch GET 200 https://registry.npmjs.org/@rtsao/scc/-/scc-1.1.0.tgz 5538ms (cache miss)
1108 http fetch GET 200 https://registry.npmjs.org/@resvg/resvg-wasm/-/resvg-wasm-2.4.0.tgz 5691ms (cache miss)
1109 http fetch GET 200 https://registry.npmjs.org/@unrs/resolver-binding-darwin-arm64/-/resolver-binding-darwin-arm64-1.11.1.tgz 5922ms (cache miss)
1110 http fetch GET 200 https://registry.npmjs.org/@eslint/js/-/js-9.39.4.tgz 5965ms (cache miss)
1111 http fetch GET 200 https://registry.npmjs.org/@esbuild-kit/esm-loader/-/esm-loader-2.6.5.tgz 6233ms (cache miss)
1112 warn deprecated @esbuild-kit/esm-loader@2.6.5: Merged into tsx: https://tsx.is
1113 http fetch GET 200 https://registry.npmjs.org/@types/node/-/node-22.19.19.tgz 7304ms (cache miss)
1114 http fetch GET 200 https://registry.npmjs.org/@vercel/og/-/og-0.8.6.tgz 7455ms (cache miss)
1115 http fetch GET 200 https://registry.npmjs.org/@drizzle-team/brocli/-/brocli-0.10.2.tgz 7477ms (cache miss)
1116 http fetch GET 200 https://registry.npmjs.org/@emnapi/core/-/core-1.10.0.tgz 7524ms (cache miss)
1117 http fetch GET 200 https://registry.npmjs.org/@emnapi/wasi-threads/-/wasi-threads-1.2.1.tgz 7598ms (cache miss)
1118 http fetch GET 200 https://registry.npmjs.org/@emnapi/runtime/-/runtime-1.10.0.tgz 7656ms (cache miss)
1119 http fetch GET 200 https://registry.npmjs.org/@babel/parser/-/parser-7.29.3.tgz 7675ms (cache miss)
1120 http fetch GET 200 https://registry.npmjs.org/@babel/compat-data/-/compat-data-7.29.3.tgz 7826ms (cache miss)
1121 http fetch GET 200 https://registry.npmjs.org/which-typed-array/-/which-typed-array-1.1.20.tgz 8749ms (cache miss)
1122 http fetch GET 200 https://registry.npmjs.org/@eslint/eslintrc/-/eslintrc-3.3.5.tgz 8933ms (cache miss)
1123 http fetch GET 200 https://registry.npmjs.org/which-collection/-/which-collection-1.0.2.tgz 9793ms (cache miss)
1124 http fetch GET 200 https://registry.npmjs.org/which-builtin-type/-/which-builtin-type-1.2.1.tgz 9901ms (cache miss)
1125 http fetch GET 200 https://registry.npmjs.org/@esbuild-kit/core-utils/-/core-utils-3.3.2.tgz 10074ms (cache miss)
1126 warn deprecated @esbuild-kit/core-utils@3.3.2: Merged into tsx: https://tsx.is
1127 http fetch GET 200 https://registry.npmjs.org/which/-/which-2.0.2.tgz 10094ms (cache miss)
1128 http fetch GET 200 https://registry.npmjs.org/zod/-/zod-4.4.3.tgz 10444ms (cache miss)
1129 http fetch GET 200 https://registry.npmjs.org/which-boxed-primitive/-/which-boxed-primitive-1.1.1.tgz 10454ms (cache miss)
1130 http fetch GET 200 https://registry.npmjs.org/webpack-sources/-/webpack-sources-3.4.1.tgz 10478ms (cache miss)
1131 http fetch GET 200 https://registry.npmjs.org/yoga-layout/-/yoga-layout-3.2.1.tgz 10497ms (cache miss)
1132 http fetch GET 200 https://registry.npmjs.org/workerd/-/workerd-1.20260515.1.tgz 10526ms (cache miss)
1133 http fetch GET 200 https://registry.npmjs.org/@tailwindcss/oxide-darwin-arm64/-/oxide-darwin-arm64-4.2.1.tgz 10982ms (cache miss)
1134 http fetch GET 200 https://registry.npmjs.org/vitefu/-/vitefu-1.1.3.tgz 11237ms (cache miss)
1135 http fetch GET 200 https://registry.npmjs.org/web-vitals/-/web-vitals-4.2.4.tgz 11532ms (cache miss)
1136 http fetch GET 200 https://registry.npmjs.org/vite-tsconfig-paths/-/vite-tsconfig-paths-6.1.1.tgz 11871ms (cache miss)
1137 http fetch GET 200 https://registry.npmjs.org/unrs-resolver/-/unrs-resolver-1.11.1.tgz 12158ms (cache miss)
1138 http fetch GET 200 https://registry.npmjs.org/vite-plugin-dynamic-import/-/vite-plugin-dynamic-import-1.6.0.tgz 12190ms (cache miss)
1139 http fetch GET 200 https://registry.npmjs.org/webpack/-/webpack-5.106.2.tgz 12223ms (cache miss)
1140 http fetch GET 200 https://registry.npmjs.org/undici-types/-/undici-types-6.21.0.tgz 12506ms (cache miss)
1141 http fetch GET 200 https://registry.npmjs.org/update-browserslist-db/-/update-browserslist-db-1.2.3.tgz 12514ms (cache miss)
1142 http fetch GET 200 https://registry.npmjs.org/watchpack/-/watchpack-2.5.1.tgz 12518ms (cache miss)
1143 http fetch GET 200 https://registry.npmjs.org/unpic/-/unpic-4.2.2.tgz 12654ms (cache miss)
1144 http fetch GET 200 https://registry.npmjs.org/unicode-trie/-/unicode-trie-2.0.0.tgz 12811ms (cache miss)
1145 http fetch GET 200 https://registry.npmjs.org/unbox-primitive/-/unbox-primitive-1.1.0.tgz 12883ms (cache miss)
1146 http fetch GET 200 https://registry.npmjs.org/vite-plugin-commonjs/-/vite-plugin-commonjs-0.10.4.tgz 13046ms (cache miss)
1147 http fetch GET 200 https://registry.npmjs.org/typescript-eslint/-/typescript-eslint-8.59.3.tgz 13060ms (cache miss)
1148 http fetch GET 200 https://registry.npmjs.org/@babel/helpers/-/helpers-7.29.2.tgz 13092ms (cache miss)
1149 http fetch GET 200 https://registry.npmjs.org/typed-array-length/-/typed-array-length-1.0.7.tgz 13115ms (cache miss)
1150 http fetch GET 200 https://registry.npmjs.org/typed-array-byte-offset/-/typed-array-byte-offset-1.0.4.tgz 13260ms (cache miss)
1151 http fetch GET 200 https://registry.npmjs.org/typed-array-byte-length/-/typed-array-byte-length-1.0.3.tgz 13423ms (cache miss)
1152 http fetch GET 200 https://registry.npmjs.org/typed-array-buffer/-/typed-array-buffer-1.0.3.tgz 13532ms (cache miss)
1153 http fetch GET 200 https://registry.npmjs.org/tslib/-/tslib-2.8.1.tgz 13733ms (cache miss)
1154 http fetch GET 200 https://registry.npmjs.org/tinyglobby/-/tinyglobby-0.2.16.tgz 14031ms (cache miss)
1155 http fetch GET 200 https://registry.npmjs.org/tsconfig-paths/-/tsconfig-paths-3.15.0.tgz 14136ms (cache miss)
1156 http fetch GET 200 https://registry.npmjs.org/turbo-stream/-/turbo-stream-3.2.0.tgz 14277ms (cache miss)
1157 http fetch GET 200 https://registry.npmjs.org/ts-api-utils/-/ts-api-utils-2.5.0.tgz 14371ms (cache miss)
1158 http fetch GET 200 https://registry.npmjs.org/tsconfck/-/tsconfck-3.1.6.tgz 14477ms (cache miss)
1159 http fetch GET 200 https://registry.npmjs.org/tiny-inflate/-/tiny-inflate-1.0.3.tgz 14598ms (cache miss)
1160 http fetch GET 200 https://registry.npmjs.org/tapable/-/tapable-2.3.3.tgz 14680ms (cache miss)
1161 http fetch GET 200 https://registry.npmjs.org/strip-bom/-/strip-bom-3.0.0.tgz 14892ms (cache miss)
1162 http fetch GET 200 https://registry.npmjs.org/strip-literal/-/strip-literal-3.1.0.tgz 15203ms (cache miss)
1163 http fetch GET 200 https://registry.npmjs.org/tsx/-/tsx-4.22.1.tgz 15332ms (cache miss)
1164 http fetch GET 200 https://registry.npmjs.org/styled-jsx/-/styled-jsx-5.1.6.tgz 15394ms (cache miss)
1165 http fetch GET 200 https://registry.npmjs.org/@cloudflare/vite-plugin/-/vite-plugin-1.37.1.tgz 15484ms (cache miss)
1166 http fetch GET 200 https://registry.npmjs.org/string.prototype.trimend/-/string.prototype.trimend-1.0.9.tgz 15700ms (cache miss)
1167 http fetch GET 200 https://registry.npmjs.org/string.prototype.trimstart/-/string.prototype.trimstart-1.0.8.tgz 15720ms (cache miss)
1168 http fetch GET 200 https://registry.npmjs.org/string.prototype.trim/-/string.prototype.trim-1.2.10.tgz 15850ms (cache miss)
1169 http fetch GET 200 https://registry.npmjs.org/string.prototype.includes/-/string.prototype.includes-2.0.1.tgz 16060ms (cache miss)
1170 http fetch GET 200 https://registry.npmjs.org/string.prototype.matchall/-/string.prototype.matchall-4.0.12.tgz 16077ms (cache miss)
1171 http fetch GET 200 https://registry.npmjs.org/string.prototype.repeat/-/string.prototype.repeat-1.0.0.tgz 16193ms (cache miss)
1172 http fetch GET 200 https://registry.npmjs.org/stop-iteration-iterator/-/stop-iteration-iterator-1.1.0.tgz 16385ms (cache miss)
1173 http fetch GET 200 https://registry.npmjs.org/string.prototype.codepointat/-/string.prototype.codepointat-0.2.1.tgz 16391ms (cache miss)
1174 http fetch GET 200 https://registry.npmjs.org/stable-hash/-/stable-hash-0.0.5.tgz 16514ms (cache miss)
1175 http fetch GET 200 https://registry.npmjs.org/side-channel-weakmap/-/side-channel-weakmap-1.0.2.tgz 16700ms (cache miss)
1176 http fetch GET 200 https://registry.npmjs.org/side-channel-map/-/side-channel-map-1.0.1.tgz 16740ms (cache miss)
1177 http fetch GET 200 https://registry.npmjs.org/srvx/-/srvx-0.11.15.tgz 17001ms (cache miss)
1178 http fetch GET 200 https://registry.npmjs.org/side-channel/-/side-channel-1.1.0.tgz 17038ms (cache miss)
1179 http fetch GET 200 https://registry.npmjs.org/set-proto/-/set-proto-1.0.0.tgz 17347ms (cache miss)
1180 http fetch GET 200 https://registry.npmjs.org/side-channel-list/-/side-channel-list-1.0.1.tgz 17349ms (cache miss)
1181 http fetch GET 200 https://registry.npmjs.org/tailwindcss/-/tailwindcss-4.2.1.tgz 17367ms (cache miss)
1182 http fetch GET 200 https://registry.npmjs.org/set-function-length/-/set-function-length-1.2.2.tgz 17678ms (cache miss)
1183 http fetch GET 200 https://registry.npmjs.org/set-function-name/-/set-function-name-2.0.2.tgz 17679ms (cache miss)
1184 http fetch GET 200 https://registry.npmjs.org/schema-utils/-/schema-utils-4.3.3.tgz 17759ms (cache miss)
1185 http fetch GET 200 https://registry.npmjs.org/semver/-/semver-6.3.1.tgz 18076ms (cache miss)
1186 http fetch GET 200 https://registry.npmjs.org/terser-webpack-plugin/-/terser-webpack-plugin-5.6.0.tgz 18170ms (cache miss)
1187 http fetch GET 200 https://registry.npmjs.org/sharp/-/sharp-0.34.5.tgz 18369ms (cache miss)
1188 http fetch GET 200 https://registry.npmjs.org/safe-regex-test/-/safe-regex-test-1.1.0.tgz 18388ms (cache miss)
1189 http fetch GET 200 https://registry.npmjs.org/@rolldown/binding-darwin-arm64/-/binding-darwin-arm64-1.0.1.tgz 18410ms (cache miss)
1190 http fetch GET 200 https://registry.npmjs.org/safe-push-apply/-/safe-push-apply-1.0.0.tgz 18646ms (cache miss)
1191 http fetch GET 200 https://registry.npmjs.org/require-from-string/-/require-from-string-2.0.2.tgz 18686ms (cache miss)
1192 http fetch GET 200 https://registry.npmjs.org/resolve-pkg-maps/-/resolve-pkg-maps-1.0.0.tgz 18706ms (cache miss)
1193 http fetch GET 200 https://registry.npmjs.org/safe-array-concat/-/safe-array-concat-1.1.4.tgz 18722ms (cache miss)
1194 http fetch GET 200 https://registry.npmjs.org/rolldown/-/rolldown-1.0.1.tgz 18997ms (cache miss)
1195 http fetch GET 200 https://registry.npmjs.org/reflect.getprototypeof/-/reflect.getprototypeof-1.0.10.tgz 19030ms (cache miss)
1196 http fetch GET 200 https://registry.npmjs.org/react-loading-skeleton/-/react-loading-skeleton-3.5.0.tgz 19074ms (cache miss)
1197 http fetch GET 200 https://registry.npmjs.org/resolve/-/resolve-2.0.0-next.7.tgz 19088ms (cache miss)
1198 http fetch GET 200 https://registry.npmjs.org/react-is/-/react-is-16.13.1.tgz 19342ms (cache miss)
1199 http fetch GET 200 https://registry.npmjs.org/regexp.prototype.flags/-/regexp.prototype.flags-1.5.4.tgz 20017ms (cache miss)
1200 http fetch GET 200 https://registry.npmjs.org/typescript/-/typescript-5.9.3.tgz 20233ms (cache miss)
1201 http fetch GET 200 https://registry.npmjs.org/react/-/react-19.2.6.tgz 20375ms (cache miss)
1202 http fetch GET 200 https://registry.npmjs.org/possible-typed-array-names/-/possible-typed-array-names-1.1.0.tgz 20538ms (cache miss)
1203 http fetch GET 200 https://registry.npmjs.org/prop-types/-/prop-types-15.8.1.tgz 20729ms (cache miss)
1204 http fetch GET 200 https://registry.npmjs.org/parse-css-color/-/parse-css-color-0.2.1.tgz 20856ms (cache miss)
1205 http fetch GET 200 https://registry.npmjs.org/react-server-dom-webpack/-/react-server-dom-webpack-19.2.6.tgz 21020ms (cache miss)
1206 http fetch GET 200 https://registry.npmjs.org/postcss/-/postcss-8.5.14.tgz 21041ms (cache miss)
1207 http fetch GET 200 https://registry.npmjs.org/satori/-/satori-0.16.0.tgz 21136ms (cache miss)
1208 http fetch GET 200 https://registry.npmjs.org/own-keys/-/own-keys-1.0.1.tgz 21168ms (cache miss)
1209 http fetch GET 200 https://registry.npmjs.org/object.groupby/-/object.groupby-1.0.3.tgz 21315ms (cache miss)
1210 http fetch GET 200 https://registry.npmjs.org/object.fromentries/-/object.fromentries-2.0.8.tgz 21379ms (cache miss)
1211 http fetch GET 200 https://registry.npmjs.org/picomatch/-/picomatch-2.3.2.tgz 21390ms (cache miss)
1212 http fetch GET 200 https://registry.npmjs.org/vite/-/vite-8.0.13.tgz 21531ms (cache miss)
1213 http fetch GET 200 https://registry.npmjs.org/object.assign/-/object.assign-4.1.7.tgz 21547ms (cache miss)
1214 http fetch GET 200 https://registry.npmjs.org/pako/-/pako-0.2.9.tgz 21564ms (cache miss)
1215 http fetch GET 200 https://registry.npmjs.org/object.entries/-/object.entries-1.1.9.tgz 21636ms (cache miss)
1216 http fetch GET 200 https://registry.npmjs.org/react-dom/-/react-dom-19.2.6.tgz 21672ms (cache miss)
1217 http fetch GET 200 https://registry.npmjs.org/object-keys/-/object-keys-1.1.1.tgz 21733ms (cache miss)
1218 http fetch GET 200 https://registry.npmjs.org/node-releases/-/node-releases-2.0.44.tgz 21882ms (cache miss)
1219 http fetch GET 200 https://registry.npmjs.org/object.values/-/object.values-1.2.1.tgz 21884ms (cache miss)
1220 http fetch GET 200 https://registry.npmjs.org/node-exports-info/-/node-exports-info-1.6.0.tgz 21903ms (cache miss)
1221 http fetch GET 200 https://registry.npmjs.org/minimatch/-/minimatch-3.1.5.tgz 22108ms (cache miss)
1222 http fetch GET 200 https://registry.npmjs.org/nanoid/-/nanoid-3.3.12.tgz 22191ms (cache miss)
1223 http fetch GET 200 https://registry.npmjs.org/math-intrinsics/-/math-intrinsics-1.1.0.tgz 22249ms (cache miss)
1224 http fetch GET 200 https://registry.npmjs.org/neo-async/-/neo-async-2.6.2.tgz 22290ms (cache miss)
1225 http fetch GET 200 https://registry.npmjs.org/napi-postinstall/-/napi-postinstall-0.3.4.tgz 22339ms (cache miss)
1226 http fetch GET 200 https://registry.npmjs.org/terser/-/terser-5.47.1.tgz 22366ms (cache miss)
1227 http fetch GET 200 https://registry.npmjs.org/magic-string/-/magic-string-0.30.21.tgz 22601ms (cache miss)
1228 http fetch GET 200 https://registry.npmjs.org/loose-envify/-/loose-envify-1.4.0.tgz 22620ms (cache miss)
1229 http fetch GET 200 https://registry.npmjs.org/loader-runner/-/loader-runner-4.3.2.tgz 22635ms (cache miss)
1230 http fetch GET 200 https://registry.npmjs.org/linebreak/-/linebreak-1.1.0.tgz 22732ms (cache miss)
1231 http fetch GET 200 https://registry.npmjs.org/minimist/-/minimist-1.2.8.tgz 22836ms (cache miss)
1232 http fetch GET 200 https://registry.npmjs.org/vinext/-/vinext-0.0.50.tgz 22860ms (cache miss)
1233 http fetch GET 200 https://registry.npmjs.org/lightningcss/-/lightningcss-1.31.1.tgz 23076ms (cache miss)
1234 http fetch GET 200 https://registry.npmjs.org/language-tags/-/language-tags-1.0.9.tgz 23083ms (cache miss)
1235 http fetch GET 200 https://registry.npmjs.org/object-inspect/-/object-inspect-1.13.4.tgz 23250ms (cache miss)
1236 http fetch GET 200 https://registry.npmjs.org/jsesc/-/jsesc-3.1.0.tgz 23262ms (cache miss)
1237 http fetch GET 200 https://registry.npmjs.org/language-subtag-registry/-/language-subtag-registry-0.3.23.tgz 23455ms (cache miss)
1238 http fetch GET 200 https://registry.npmjs.org/is-weakset/-/is-weakset-2.0.4.tgz 23581ms (cache miss)
1239 http fetch GET 200 https://registry.npmjs.org/json5/-/json5-2.2.3.tgz 23599ms (cache miss)
1240 http fetch GET 200 https://registry.npmjs.org/jest-worker/-/jest-worker-27.5.1.tgz 23617ms (cache miss)
1241 http fetch GET 200 https://registry.npmjs.org/jsx-ast-utils/-/jsx-ast-utils-3.3.5.tgz 23643ms (cache miss)
1242 http fetch GET 200 https://registry.npmjs.org/iterator.prototype/-/iterator.prototype-1.1.5.tgz 23765ms (cache miss)
1243 http fetch GET 200 https://registry.npmjs.org/isarray/-/isarray-2.0.5.tgz 23877ms (cache miss)
1244 http fetch GET 200 https://registry.npmjs.org/is-weakref/-/is-weakref-1.1.1.tgz 23940ms (cache miss)
1245 http fetch GET 200 https://registry.npmjs.org/is-typed-array/-/is-typed-array-1.1.15.tgz 23975ms (cache miss)
1246 http fetch GET 200 https://registry.npmjs.org/is-weakmap/-/is-weakmap-2.0.2.tgz 23975ms (cache miss)
1247 http fetch GET 200 https://registry.npmjs.org/js-yaml/-/js-yaml-4.1.1.tgz 24035ms (cache miss)
1248 http fetch GET 200 https://registry.npmjs.org/jiti/-/jiti-2.7.0.tgz 24182ms (cache miss)
1249 http fetch GET 200 https://registry.npmjs.org/is-symbol/-/is-symbol-1.1.1.tgz 24197ms (cache miss)
1250 http fetch GET 200 https://registry.npmjs.org/is-shared-array-buffer/-/is-shared-array-buffer-1.0.4.tgz 24297ms (cache miss)
1251 http fetch GET 200 https://registry.npmjs.org/is-set/-/is-set-2.0.3.tgz 24329ms (cache miss)
1252 http fetch GET 200 https://registry.npmjs.org/is-regex/-/is-regex-1.2.1.tgz 24355ms (cache miss)
1253 http fetch GET 200 https://registry.npmjs.org/is-number-object/-/is-number-object-1.1.1.tgz 24355ms (cache miss)
1254 http fetch GET 200 https://registry.npmjs.org/is-negative-zero/-/is-negative-zero-2.0.3.tgz 24493ms (cache miss)
1255 http fetch GET 200 https://registry.npmjs.org/is-map/-/is-map-2.0.3.tgz 24506ms (cache miss)
1256 http fetch GET 200 https://registry.npmjs.org/is-string/-/is-string-1.1.1.tgz 24590ms (cache miss)
1257 http fetch GET 200 https://registry.npmjs.org/is-finalizationregistry/-/is-finalizationregistry-1.1.1.tgz 24670ms (cache miss)
1258 http fetch GET 200 https://registry.npmjs.org/is-generator-function/-/is-generator-function-1.1.2.tgz 24670ms (cache miss)
1259 http fetch GET 200 https://registry.npmjs.org/is-date-object/-/is-date-object-1.1.0.tgz 24677ms (cache miss)
1260 http fetch GET 200 https://registry.npmjs.org/is-data-view/-/is-data-view-1.0.2.tgz 24696ms (cache miss)
1261 http fetch GET 200 https://registry.npmjs.org/is-callable/-/is-callable-1.2.7.tgz 24838ms (cache miss)
1262 http fetch GET 200 https://registry.npmjs.org/is-bigint/-/is-bigint-1.1.0.tgz 25007ms (cache miss)
1263 http fetch GET 200 https://registry.npmjs.org/ipaddr.js/-/ipaddr.js-2.4.0.tgz 25106ms (cache miss)
1264 http fetch GET 200 https://registry.npmjs.org/is-bun-module/-/is-bun-module-2.0.0.tgz 25119ms (cache miss)
1265 http fetch GET 200 https://registry.npmjs.org/is-async-function/-/is-async-function-2.1.1.tgz 25144ms (cache miss)
1266 http fetch GET 200 https://registry.npmjs.org/is-core-module/-/is-core-module-2.16.2.tgz 25167ms (cache miss)
1267 http fetch GET 200 https://registry.npmjs.org/is-array-buffer/-/is-array-buffer-3.0.5.tgz 25363ms (cache miss)
1268 http fetch GET 200 https://registry.npmjs.org/internal-slot/-/internal-slot-1.1.0.tgz 25363ms (cache miss)
1269 http fetch GET 200 https://registry.npmjs.org/is-boolean-object/-/is-boolean-object-1.2.2.tgz 25406ms (cache miss)
1270 http fetch GET 200 https://registry.npmjs.org/hex-rgb/-/hex-rgb-4.3.0.tgz 25417ms (cache miss)
1271 http fetch GET 200 https://registry.npmjs.org/hasown/-/hasown-2.0.3.tgz 25439ms (cache miss)
1272 http fetch GET 200 https://registry.npmjs.org/has-tostringtag/-/has-tostringtag-1.0.2.tgz 25462ms (cache miss)
1273 http fetch GET 200 https://registry.npmjs.org/has-proto/-/has-proto-1.2.0.tgz 25683ms (cache miss)
1274 http fetch GET 200 https://registry.npmjs.org/has-symbols/-/has-symbols-1.1.0.tgz 25703ms (cache miss)
1275 http fetch GET 200 https://registry.npmjs.org/has-property-descriptors/-/has-property-descriptors-1.0.2.tgz 25737ms (cache miss)
1276 http fetch GET 200 https://registry.npmjs.org/has-bigints/-/has-bigints-1.1.0.tgz 25738ms (cache miss)
1277 http fetch GET 200 https://registry.npmjs.org/gopd/-/gopd-1.2.0.tgz 25759ms (cache miss)
1278 http fetch GET 200 https://registry.npmjs.org/graceful-fs/-/graceful-fs-4.2.11.tgz 25759ms (cache miss)
1279 http fetch GET 200 https://registry.npmjs.org/globrex/-/globrex-0.1.2.tgz 26005ms (cache miss)
1280 http fetch GET 200 https://registry.npmjs.org/get-symbol-description/-/get-symbol-description-1.1.0.tgz 26076ms (cache miss)
1281 http fetch GET 200 https://registry.npmjs.org/get-intrinsic/-/get-intrinsic-1.3.0.tgz 26077ms (cache miss)
1282 http fetch GET 200 https://registry.npmjs.org/globalthis/-/globalthis-1.0.4.tgz 26087ms (cache miss)
1283 http fetch GET 200 https://registry.npmjs.org/get-proto/-/get-proto-1.0.1.tgz 26310ms (cache miss)
1284 http fetch GET 200 https://registry.npmjs.org/glob-to-regexp/-/glob-to-regexp-0.4.1.tgz 26362ms (cache miss)
1285 http fetch GET 200 https://registry.npmjs.org/get-tsconfig/-/get-tsconfig-4.14.0.tgz 26371ms (cache miss)
1286 http fetch GET 200 https://registry.npmjs.org/function.prototype.name/-/function.prototype.name-1.1.8.tgz 26384ms (cache miss)
1287 http fetch GET 200 https://registry.npmjs.org/functions-have-names/-/functions-have-names-1.2.3.tgz 26392ms (cache miss)
1288 http fetch GET 200 https://registry.npmjs.org/flatted/-/flatted-3.4.2.tgz 26639ms (cache miss)
1289 http fetch GET 200 https://registry.npmjs.org/estree-walker/-/estree-walker-3.0.3.tgz 26692ms (cache miss)
1290 http fetch GET 200 https://registry.npmjs.org/generator-function/-/generator-function-2.0.1.tgz 26703ms (cache miss)
1291 http fetch GET 200 https://registry.npmjs.org/fast-glob/-/fast-glob-3.3.1.tgz 26721ms (cache miss)
1292 http fetch GET 200 https://registry.npmjs.org/for-each/-/for-each-0.3.5.tgz 26804ms (cache miss)
1293 http fetch GET 200 https://registry.npmjs.org/fast-uri/-/fast-uri-3.1.2.tgz 27028ms (cache miss)
1294 http fetch GET 200 https://registry.npmjs.org/eslint-config-next/-/eslint-config-next-16.2.6.tgz 27141ms (cache miss)
1295 http fetch GET 200 https://registry.npmjs.org/image-size/-/image-size-2.0.2.tgz 27214ms (cache miss)
1296 http fetch GET 200 https://registry.npmjs.org/eslint-module-utils/-/eslint-module-utils-2.12.1.tgz 27373ms (cache miss)
1297 http fetch GET 200 https://registry.npmjs.org/eslint-plugin-jsx-a11y/-/eslint-plugin-jsx-a11y-6.10.2.tgz 27427ms (cache miss)
1298 http fetch GET 200 https://registry.npmjs.org/eslint-plugin-react/-/eslint-plugin-react-7.37.5.tgz 27484ms (cache miss)
1299 http fetch GET 200 https://registry.npmjs.org/eslint-import-resolver-node/-/eslint-import-resolver-node-0.3.10.tgz 27683ms (cache miss)
1300 http fetch GET 200 https://registry.npmjs.org/eslint-import-resolver-typescript/-/eslint-import-resolver-typescript-3.10.1.tgz 27754ms (cache miss)
1301 http fetch GET 200 https://registry.npmjs.org/events/-/events-3.3.0.tgz 27878ms (cache miss)
1302 http fetch GET 200 https://registry.npmjs.org/es-to-primitive/-/es-to-primitive-1.3.0.tgz 28096ms (cache miss)
1303 http fetch GET 200 https://registry.npmjs.org/esbuild/-/esbuild-0.28.0.tgz 28098ms (cache miss)
1304 http fetch GET 200 https://registry.npmjs.org/es-object-atoms/-/es-object-atoms-1.1.1.tgz 28200ms (cache miss)
1305 http fetch GET 200 https://registry.npmjs.org/fflate/-/fflate-0.7.4.tgz 28242ms (cache miss)
1306 http fetch GET 200 https://registry.npmjs.org/es-shim-unscopables/-/es-shim-unscopables-1.1.0.tgz 28372ms (cache miss)
1307 http fetch GET 200 https://registry.npmjs.org/es-set-tostringtag/-/es-set-tostringtag-2.1.0.tgz 28389ms (cache miss)
1308 http fetch GET 200 https://registry.npmjs.org/es-errors/-/es-errors-1.3.0.tgz 28937ms (cache miss)
1309 http fetch GET 200 https://registry.npmjs.org/es-define-property/-/es-define-property-1.0.1.tgz 29204ms (cache miss)
1310 http fetch GET 200 https://registry.npmjs.org/es-module-lexer/-/es-module-lexer-2.1.0.tgz 29755ms (cache miss)
1311 http fetch GET 200 https://registry.npmjs.org/eslint-plugin-import/-/eslint-plugin-import-2.32.0.tgz 29945ms (cache miss)
1312 http fetch GET 200 https://registry.npmjs.org/eslint-plugin-react-hooks/-/eslint-plugin-react-hooks-7.1.1.tgz 31058ms (cache miss)
1313 http fetch GET 200 https://registry.npmjs.org/emoji-regex/-/emoji-regex-9.2.2.tgz 31154ms (cache miss)
1314 http fetch GET 200 https://registry.npmjs.org/es-iterator-helpers/-/es-iterator-helpers-1.3.2.tgz 31362ms (cache miss)
1315 http fetch GET 200 https://registry.npmjs.org/dunder-proto/-/dunder-proto-1.0.1.tgz 31813ms (cache miss)
1316 http fetch GET 200 https://registry.npmjs.org/emoji-regex-xs/-/emoji-regex-xs-2.0.1.tgz 32107ms (cache miss)
1317 http fetch GET 200 https://registry.npmjs.org/electron-to-chromium/-/electron-to-chromium-1.5.358.tgz 32411ms (cache miss)
1318 http fetch GET 200 https://registry.npmjs.org/detect-libc/-/detect-libc-2.1.2.tgz 32416ms (cache miss)
1319 http fetch GET 200 https://registry.npmjs.org/lightningcss-darwin-arm64/-/lightningcss-darwin-arm64-1.31.1.tgz 32480ms (cache miss)
1320 http fetch GET 200 https://registry.npmjs.org/es-abstract/-/es-abstract-1.24.2.tgz 32548ms (cache miss)
1321 http fetch GET 200 https://registry.npmjs.org/define-properties/-/define-properties-1.2.1.tgz 32769ms (cache miss)
1322 http fetch GET 200 https://registry.npmjs.org/define-data-property/-/define-data-property-1.1.4.tgz 32777ms (cache miss)
1323 http fetch GET 200 https://registry.npmjs.org/doctrine/-/doctrine-2.1.0.tgz 32808ms (cache miss)
1324 http fetch GET 200 https://registry.npmjs.org/data-view-buffer/-/data-view-buffer-1.0.2.tgz 32882ms (cache miss)
1325 http fetch GET 200 https://registry.npmjs.org/data-view-byte-offset/-/data-view-byte-offset-1.0.1.tgz 33051ms (cache miss)
1326 http fetch GET 200 https://registry.npmjs.org/data-view-byte-length/-/data-view-byte-length-1.0.2.tgz 33073ms (cache miss)
1327 http fetch GET 200 https://registry.npmjs.org/damerau-levenshtein/-/damerau-levenshtein-1.0.8.tgz 33134ms (cache miss)
1328 http fetch GET 200 https://registry.npmjs.org/css-gradient-parser/-/css-gradient-parser-0.0.16.tgz 33256ms (cache miss)
1329 http fetch GET 200 https://registry.npmjs.org/css-box-shadow/-/css-box-shadow-1.0.0-3.tgz 33340ms (cache miss)
1330 http fetch GET 200 https://registry.npmjs.org/camelize/-/camelize-1.0.1.tgz 33644ms (cache miss)
1331 http fetch GET 200 https://registry.npmjs.org/css-background-parser/-/css-background-parser-0.1.0.tgz 33809ms (cache miss)
1332 http fetch GET 200 https://registry.npmjs.org/client-only/-/client-only-0.0.1.tgz 33941ms (cache miss)
1333 http fetch GET 200 https://registry.npmjs.org/css-to-react-native/-/css-to-react-native-3.2.0.tgz 34122ms (cache miss)
1334 http fetch GET 200 https://registry.npmjs.org/css-color-keywords/-/css-color-keywords-1.0.0.tgz 34394ms (cache miss)
1335 http fetch GET 200 https://registry.npmjs.org/call-bound/-/call-bound-1.0.4.tgz 34748ms (cache miss)
1336 http fetch GET 200 https://registry.npmjs.org/call-bind-apply-helpers/-/call-bind-apply-helpers-1.0.2.tgz 34829ms (cache miss)
1337 http fetch GET 200 https://registry.npmjs.org/browserslist/-/browserslist-4.28.2.tgz 34969ms (cache miss)
1338 http fetch GET 200 https://registry.npmjs.org/@img/sharp-libvips-darwin-arm64/-/sharp-libvips-darwin-arm64-1.2.4.tgz 35756ms (cache miss)
1339 http fetch GET 200 https://registry.npmjs.org/chrome-trace-event/-/chrome-trace-event-1.0.4.tgz 35912ms (cache miss)
1340 http fetch GET 200 https://registry.npmjs.org/base64-js/-/base64-js-0.0.8.tgz 36032ms (cache miss)
1341 http fetch GET 200 https://registry.npmjs.org/brace-expansion/-/brace-expansion-1.1.14.tgz 36350ms (cache miss)
1342 http fetch GET 200 https://registry.npmjs.org/call-bind/-/call-bind-1.0.9.tgz 36470ms (cache miss)
1343 http fetch GET 200 https://registry.npmjs.org/drizzle-kit/-/drizzle-kit-0.31.10.tgz 36650ms (cache miss)
1344 http fetch GET 200 https://registry.npmjs.org/axobject-query/-/axobject-query-4.1.0.tgz 36929ms (cache miss)
1345 http fetch GET 200 https://registry.npmjs.org/available-typed-arrays/-/available-typed-arrays-1.0.7.tgz 37151ms (cache miss)
1346 http fetch GET 200 https://registry.npmjs.org/arraybuffer.prototype.slice/-/arraybuffer.prototype.slice-1.0.4.tgz 37562ms (cache miss)
1347 http fetch GET 200 https://registry.npmjs.org/ast-types-flow/-/ast-types-flow-0.0.8.tgz 37844ms (cache miss)
1348 http fetch GET 200 https://registry.npmjs.org/caniuse-lite/-/caniuse-lite-1.0.30001793.tgz 38029ms (cache miss)
1349 http fetch GET 200 https://registry.npmjs.org/array.prototype.tosorted/-/array.prototype.tosorted-1.1.4.tgz 38078ms (cache miss)
1350 http fetch GET 200 https://registry.npmjs.org/async-function/-/async-function-1.0.0.tgz 38148ms (cache miss)
1351 http fetch GET 200 https://registry.npmjs.org/array.prototype.flatmap/-/array.prototype.flatmap-1.3.3.tgz 38147ms (cache miss)
1352 http fetch GET 200 https://registry.npmjs.org/array.prototype.flat/-/array.prototype.flat-1.3.3.tgz 38357ms (cache miss)
1353 http fetch GET 200 https://registry.npmjs.org/array-includes/-/array-includes-3.1.9.tgz 38470ms (cache miss)
1354 http fetch GET 200 https://registry.npmjs.org/enhanced-resolve/-/enhanced-resolve-5.21.3.tgz 38680ms (cache miss)
1355 http fetch GET 200 https://registry.npmjs.org/array-buffer-byte-length/-/array-buffer-byte-length-1.0.2.tgz 38701ms (cache miss)
1356 http fetch GET 200 https://registry.npmjs.org/array.prototype.findlastindex/-/array.prototype.findlastindex-1.2.6.tgz 38708ms (cache miss)
1357 http fetch GET 200 https://registry.npmjs.org/axe-core/-/axe-core-4.11.4.tgz 39190ms (cache miss)
1358 http fetch GET 200 https://registry.npmjs.org/aria-query/-/aria-query-5.3.2.tgz 39417ms (cache miss)
1359 http fetch GET 200 https://registry.npmjs.org/baseline-browser-mapping/-/baseline-browser-mapping-2.10.30.tgz 39550ms (cache miss)
1360 http fetch GET 200 https://registry.npmjs.org/ajv-formats/-/ajv-formats-2.1.1.tgz 39607ms (cache miss)
1361 http fetch GET 200 https://registry.npmjs.org/acorn-import-phases/-/acorn-import-phases-1.0.4.tgz 39700ms (cache miss)
1362 http fetch GET 200 https://registry.npmjs.org/eslint-visitor-keys/-/eslint-visitor-keys-5.0.1.tgz 39787ms (cache miss)
1363 http fetch GET 200 https://registry.npmjs.org/brace-expansion/-/brace-expansion-5.0.6.tgz 40017ms (cache miss)
1364 http fetch GET 200 https://registry.npmjs.org/array.prototype.findlast/-/array.prototype.findlast-1.2.5.tgz 40019ms (cache miss)
1365 http fetch GET 200 https://registry.npmjs.org/balanced-match/-/balanced-match-4.0.4.tgz 40030ms (cache miss)
1366 http fetch GET 200 https://registry.npmjs.org/wrangler/-/wrangler-4.92.0.tgz 40447ms (cache miss)
1367 http fetch GET 200 https://registry.npmjs.org/ajv/-/ajv-6.15.0.tgz 40573ms (cache miss)
1368 http fetch GET 200 https://registry.npmjs.org/@rolldown/pluginutils/-/pluginutils-1.0.0-rc.18.tgz 40578ms (cache miss)
1369 http fetch GET 200 https://registry.npmjs.org/ignore/-/ignore-7.0.5.tgz 40688ms (cache miss)
1370 http fetch GET 200 https://registry.npmjs.org/semver/-/semver-7.8.0.tgz 40758ms (cache miss)
1371 http fetch GET 200 https://registry.npmjs.org/acorn-loose/-/acorn-loose-8.5.2.tgz 40926ms (cache miss)
1372 http fetch GET 200 https://registry.npmjs.org/esbuild/-/esbuild-0.18.20.tgz 41046ms (cache miss)
1373 http fetch GET 200 https://registry.npmjs.org/estraverse/-/estraverse-4.3.0.tgz 41084ms (cache miss)
1374 http fetch GET 200 https://registry.npmjs.org/glob-parent/-/glob-parent-5.1.2.tgz 41778ms (cache miss)
1375 http fetch GET 200 https://registry.npmjs.org/esbuild/-/esbuild-0.27.3.tgz 41932ms (cache miss)
1376 http fetch GET 200 https://registry.npmjs.org/lightningcss/-/lightningcss-1.32.0.tgz 42254ms (cache miss)
1377 http fetch GET 200 https://registry.npmjs.org/eslint-scope/-/eslint-scope-5.1.1.tgz 42290ms (cache miss)
1378 http fetch GET 200 https://registry.npmjs.org/fast-glob/-/fast-glob-3.3.3.tgz 42535ms (cache miss)
1379 http fetch GET 200 https://registry.npmjs.org/@esbuild/darwin-arm64/-/darwin-arm64-0.28.0.tgz 42927ms (cache miss)
1380 http fetch GET 200 https://registry.npmjs.org/picomatch/-/picomatch-4.0.4.tgz 42924ms (cache miss)
1381 http fetch GET 200 https://registry.npmjs.org/json5/-/json5-1.0.2.tgz 42941ms (cache miss)
1382 http fetch GET 200 https://registry.npmjs.org/miniflare/-/miniflare-4.20260515.0.tgz 43111ms (cache miss)
1383 http fetch GET 200 https://registry.npmjs.org/picomatch/-/picomatch-4.0.4.tgz 43252ms (cache miss)
1384 http fetch GET 200 https://registry.npmjs.org/js-tokens/-/js-tokens-9.0.1.tgz 43265ms (cache miss)
1385 http fetch GET 200 https://registry.npmjs.org/semver/-/semver-7.8.0.tgz 43459ms (cache miss)
1386 http fetch GET 200 https://registry.npmjs.org/fdir/-/fdir-6.5.0.tgz 43502ms (cache miss)
1387 http fetch GET 200 https://registry.npmjs.org/json-schema-traverse/-/json-schema-traverse-1.0.0.tgz 43564ms (cache miss)
1388 http fetch GET 200 https://registry.npmjs.org/ajv-keywords/-/ajv-keywords-5.1.0.tgz 43748ms (cache miss)
1389 http fetch GET 200 https://registry.npmjs.org/supports-color/-/supports-color-8.1.1.tgz 43853ms (cache miss)
1390 http fetch GET 200 https://registry.npmjs.org/glob-parent/-/glob-parent-5.1.2.tgz 44150ms (cache miss)
1391 http fetch GET 200 https://registry.npmjs.org/es-module-lexer/-/es-module-lexer-1.7.0.tgz 44229ms (cache miss)
1392 http fetch GET 200 https://registry.npmjs.org/semver/-/semver-7.8.0.tgz 44525ms (cache miss)
1393 http fetch GET 200 https://registry.npmjs.org/postcss/-/postcss-8.4.31.tgz 44746ms (cache miss)
1394 http fetch GET 200 https://registry.npmjs.org/globals/-/globals-16.4.0.tgz 44817ms (cache miss)
1395 http fetch GET 200 https://registry.npmjs.org/esbuild/-/esbuild-0.25.12.tgz 45110ms (cache miss)
1396 http fetch GET 200 https://registry.npmjs.org/debug/-/debug-3.2.7.tgz 45151ms (cache miss)
1397 http fetch GET 200 https://registry.npmjs.org/debug/-/debug-3.2.7.tgz 45163ms (cache miss)
1398 http fetch GET 200 https://registry.npmjs.org/debug/-/debug-3.2.7.tgz 45200ms (cache miss)
1399 http fetch GET 200 https://registry.npmjs.org/json-schema-traverse/-/json-schema-traverse-1.0.0.tgz 45411ms (cache miss)
1400 http fetch GET 200 https://registry.npmjs.org/acorn/-/acorn-8.16.0.tgz 46742ms (cache miss)
1401 http fetch GET 200 https://registry.npmjs.org/esbuild 44431ms (cache miss)
1402 silly packumentCache corgi:https://registry.npmjs.org/esbuild set size:undefined disposed:false
1403 http fetch GET 200 https://registry.npmjs.org/ajv/-/ajv-8.20.0.tgz 47202ms (cache miss)
1404 http fetch GET 200 https://registry.npmjs.org/drizzle-orm/-/drizzle-orm-0.45.2.tgz 47351ms (cache miss)
1405 http fetch GET 200 https://registry.npmjs.org/brace-expansion 44630ms (cache miss)
1406 silly packumentCache corgi:https://registry.npmjs.org/brace-expansion set size:undefined disposed:false
1407 http fetch GET 200 https://registry.npmjs.org/fast-uri 45067ms (cache miss)
1408 silly packumentCache corgi:https://registry.npmjs.org/fast-uri set size:undefined disposed:false
1409 http fetch GET 200 https://registry.npmjs.org/js-yaml 45841ms (cache miss)
1410 silly packumentCache corgi:https://registry.npmjs.org/js-yaml set size:undefined disposed:false
1411 http fetch GET 200 https://registry.npmjs.org/@babel%2fcore 46996ms (cache miss)
1412 silly packumentCache corgi:https://registry.npmjs.org/@babel%2fcore set size:undefined disposed:false
1413 http fetch GET 200 https://registry.npmjs.org/sharp 47019ms (cache miss)
1414 silly packumentCache corgi:https://registry.npmjs.org/sharp set size:undefined disposed:false
1415 http fetch GET 200 https://registry.npmjs.org/ajv/-/ajv-8.20.0.tgz 49853ms (cache miss)
1416 http fetch GET 200 https://registry.npmjs.org/ws 48856ms (cache miss)
1417 silly packumentCache corgi:https://registry.npmjs.org/ws set size:undefined disposed:false
1418 http fetch GET 200 https://registry.npmjs.org/postcss 50437ms (cache miss)
1419 silly packumentCache corgi:https://registry.npmjs.org/postcss set size:undefined disposed:false
1420 http fetch GET 200 https://registry.npmjs.org/vite 50503ms (cache miss)
1421 silly packumentCache corgi:https://registry.npmjs.org/vite set size:undefined disposed:false
1422 http fetch GET 200 https://registry.npmjs.org/react-server-dom-webpack 50552ms (cache miss)
1423 silly packumentCache corgi:https://registry.npmjs.org/react-server-dom-webpack set size:undefined disposed:false
1424 http fetch GET 200 https://registry.npmjs.org/undici 51030ms (cache miss)
1425 silly packumentCache corgi:https://registry.npmjs.org/undici set size:undefined disposed:false
1426 http fetch GET 200 https://registry.npmjs.org/eslint/-/eslint-9.39.4.tgz 54829ms (cache miss)
1427 http fetch GET 200 https://registry.npmjs.org/lightningcss-darwin-arm64/-/lightningcss-darwin-arm64-1.32.0.tgz 56805ms (cache miss)
1428 http fetch GET 200 https://registry.npmjs.org/minimatch/-/minimatch-10.2.5.tgz 57000ms (cache miss)
1429 http fetch GET 200 https://registry.npmjs.org/next/-/next-16.2.6.tgz 57817ms (cache miss)
1430 http fetch GET 200 https://registry.npmjs.org/@esbuild/darwin-arm64/-/darwin-arm64-0.18.20.tgz 63253ms (cache miss)
1431 http fetch GET 200 https://registry.npmjs.org/next 61085ms (cache miss)
1432 silly packumentCache corgi:https://registry.npmjs.org/next set size:undefined disposed:false
1433 silly packumentCache corgi:https://registry.npmjs.org/@babel%2fhelper-module-transforms cache-miss
1434 silly packumentCache corgi:https://registry.npmjs.org/eslint-plugin-react-hooks cache-miss
1435 http fetch GET 200 https://registry.npmjs.org/@babel%2fhelper-module-transforms 1312ms (cache miss)
1436 silly packumentCache corgi:https://registry.npmjs.org/@babel%2fhelper-module-transforms set size:undefined disposed:false
1437 http fetch GET 200 https://registry.npmjs.org/@esbuild/darwin-arm64/-/darwin-arm64-0.25.12.tgz 67757ms (cache miss)
1438 http fetch GET 200 https://registry.npmjs.org/@esbuild/darwin-arm64/-/darwin-arm64-0.27.3.tgz 70873ms (cache miss)
